[{"Precipitation":0.0,"YearDate":"2023-01-03","YearMonth":1,"Week of":3,"Year":2023,"City":"Birmingham","Code":"BHM","Location":"Birmingham, AL","State":"Alabama","TemperatureAvg Temp":39,"TemperatureMax":46,"TemperatureMin":32,"WindDirection":33,"WindSpeed":4.33},{"Precipitation":0.0,"YearDate":"2023-01-03","YearMonth":1,"Week of":3,"Year":2023,"City":"Huntsville","Code":"HSV","Location":"Huntsville, AL","State":"Alabama","TemperatureAvg Temp":39,"TemperatureMax":47,"TemperatureMin":31,"WindDirection":32,"WindSpeed":3.86},{"Precipitation":0.16,"YearDate":"2023-01-03","YearMonth":1,"Week of":3,"Year":2023,"City":"Mobile","Code":"MOB","Location":"Mobile, AL","State":"Alabama","TemperatureAvg Temp":46,"TemperatureMax":51,"TemperatureMin":41,"WindDirection":35,"WindSpeed":9.73},{"Precipitation":0.0,"YearDate":"2023-01-03","YearMonth":1,"Week of":3,"Year":2023,"City":"Montgomery","Code":"MGM","Location":"Montgomery, AL","State":"Alabama","TemperatureAvg Temp":45,"TemperatureMax":52,"TemperatureMin":38,"WindDirection":32,"WindSpeed":6.86},{"Precipitation":0.01,"YearDate":"2023-01-03","YearMonth":1,"Week of":3,"Year":2023,"City":"Anchorage","Code":"ANC","Location":"Anchorage, AK","State":"Alaska","TemperatureAvg Temp":34,"TemperatureMax":38,"TemperatureMin":29,"WindDirection":19,"WindSpeed":7.8},{"Precipitation":0.09,"YearDate":"2023-01-03","YearMonth":1,"Week of":3,"Year":2023,"City":"Annette","Code":"ANN","Location":"Annette, AK","State":"Alaska","TemperatureAvg Temp":38,"TemperatureMax":44,"TemperatureMin":31,"WindDirection":9,"WindSpeed":8.7},{"Precipitation":0.05,"YearDate":"2023-01-03","YearMonth":1,"Week of":3,"Year":2023,"City":"Bethel","Code":"BET","Location":"Bethel, AK","State":"Alaska","TemperatureAvg Temp":30,"TemperatureMax":36,"TemperatureMin":24,"WindDirection":9,"WindSpeed":16.46},{"Precipitation":0.15,"YearDate":"2023-01-03","YearMonth":1,"Week of":3,"Year":2023,"City":"Bettles","Code":"BTT","Location":"Bettles, AK","State":"Alaska","TemperatureAvg Temp":22,"TemperatureMax":32,"TemperatureMin":9,"WindDirection":2,"WindSpeed":3.1},{"Precipitation":0.6,"YearDate":"2023-01-03","YearMonth":1,"Week of":3,"Year":2023,"City":"Cold Bay","Code":"CDB","Location":"Cold Bay, AK","State":"Alaska","TemperatureAvg Temp":34,"TemperatureMax":36,"TemperatureMin":31,"WindDirection":20,"WindSpeed":9.1},{"Precipitation":2.15,"YearDate":"2023-01-03","YearMonth":1,"Week of":3,"Year":2023,"City":"Cordova","Code":"CDV","Location":"Cordova, AK","State":"Alaska","TemperatureAvg Temp":38,"TemperatureMax":43,"TemperatureMin":33,"WindDirection":9,"WindSpeed":9.76},{"Precipitation":0.0,"YearDate":"2023-01-03","YearMonth":1,"Week of":3,"Year":2023,"City":"Delta Junction/Ft Greely","Code":"BIG","Location":"Delta Junction/Ft Greely, AK","State":"Alaska","TemperatureAvg Temp":31,"TemperatureMax":39,"TemperatureMin":23,"WindDirection":14,"WindSpeed":17.9},{"Precipitation":0.0,"YearDate":"2023-01-03","YearMonth":1,"Week of":3,"Year":2023,"City":"Fairbanks","Code":"FAI","Location":"Fairbanks, AK","State":"Alaska","TemperatureAvg Temp":14,"TemperatureMax":30,"TemperatureMin":4,"WindDirection":2,"WindSpeed":2.2},{"Precipitation":0.02,"YearDate":"2023-01-03","YearMonth":1,"Week of":3,"Year":2023,"City":"Gulkana","Code":"GKN","Location":"Gulkana, AK","State":"Alaska","TemperatureAvg Temp":27,"TemperatureMax":34,"TemperatureMin":19,"WindDirection":14,"WindSpeed":8.23},{"Precipitation":1.22,"YearDate":"2023-01-03","YearMonth":1,"Week of":3,"Year":2023,"City":"Homer","Code":"HOM","Location":"Homer, AK","State":"Alaska","TemperatureAvg Temp":39,"TemperatureMax":42,"TemperatureMin":35,"WindDirection":9,"WindSpeed":11.26},{"Precipitation":0.0,"YearDate":"2023-01-03","YearMonth":1,"Week of":3,"Year":2023,"City":"Iliamna","Code":"ILI","Location":"Iliamna, AK","State":"Alaska","TemperatureAvg Temp":40,"TemperatureMax":42,"TemperatureMin":37,"WindDirection":9,"WindSpeed":19.76},{"Precipitation":0.7,"YearDate":"2023-01-03","YearMonth":1,"Week of":3,"Year":2023,"City":"Juneau","Code":"JNU","Location":"Juneau, AK","State":"Alaska","TemperatureAvg Temp":36,"TemperatureMax":40,"TemperatureMin":31,"WindDirection":10,"WindSpeed":9.23},{"Precipitation":0.14,"YearDate":"2023-01-03","YearMonth":1,"Week of":3,"Year":2023,"City":"Kenai","Code":"ENA","Location":"Kenai, AK","State":"Alaska","TemperatureAvg Temp":34,"TemperatureMax":37,"TemperatureMin":30,"WindDirection":6,"WindSpeed":11.2},{"Precipitation":0.17,"YearDate":"2023-01-03","YearMonth":1,"Week of":3,"Year":2023,"City":"Ketchikan","Code":"KTN","Location":"Ketchikan, AK","State":"Alaska","TemperatureAvg Temp":37,"TemperatureMax":41,"TemperatureMin":33,"WindDirection":15,"WindSpeed":6.16},{"Precipitation":0.05,"YearDate":"2023-01-03","YearMonth":1,"Week of":3,"Year":2023,"City":"King Salmon","Code":"AKN","Location":"King Salmon, AK","State":"Alaska","TemperatureAvg Temp":39,"TemperatureMax":42,"TemperatureMin":35,"WindDirection":10,"WindSpeed":18.83},{"Precipitation":1.3,"YearDate":"2023-01-03","YearMonth":1,"Week of":3,"Year":2023,"City":"Kodiak","Code":"ADQ","Location":"Kodiak, AK","State":"Alaska","TemperatureAvg Temp":40,"TemperatureMax":42,"TemperatureMin":36,"WindDirection":11,"WindSpeed":21.8},{"Precipitation":0.1,"YearDate":"2023-01-03","YearMonth":1,"Week of":3,"Year":2023,"City":"Kotzebue","Code":"OTZ","Location":"Kotzebue, AK","State":"Alaska","TemperatureAvg Temp":27,"TemperatureMax":33,"TemperatureMin":20,"WindDirection":11,"WindSpeed":11.76},{"Precipitation":0.01,"YearDate":"2023-01-03","YearMonth":1,"Week of":3,"Year":2023,"City":"Mc Grath","Code":"MCG","Location":"Mc Grath, AK","State":"Alaska","TemperatureAvg Temp":30,"TemperatureMax":39,"TemperatureMin":20,"WindDirection":15,"WindSpeed":3.7},{"Precipitation":0.08,"YearDate":"2023-01-03","YearMonth":1,"Week of":3,"Year":2023,"City":"Nome","Code":"OME","Location":"Nome, AK","State":"Alaska","TemperatureAvg Temp":29,"TemperatureMax":32,"TemperatureMin":25,"WindDirection":6,"WindSpeed":12.86},{"Precipitation":0.0,"YearDate":"2023-01-03","YearMonth":1,"Week of":3,"Year":2023,"City":"Northway","Code":"ORT","Location":"Northway, AK","State":"Alaska","TemperatureAvg Temp":0,"TemperatureMax":8,"TemperatureMin":-9,"WindDirection":20,"WindSpeed":0.36},{"Precipitation":0.4,"YearDate":"2023-01-03","YearMonth":1,"Week of":3,"Year":2023,"City":"Palmer","Code":"PAQ","Location":"Palmer, AK","State":"Alaska","TemperatureAvg Temp":37,"TemperatureMax":42,"TemperatureMin":32,"WindDirection":8,"WindSpeed":10.5},{"Precipitation":0.0,"YearDate":"2023-01-03","YearMonth":1,"Week of":3,"Year":2023,"City":"Petersburg","Code":"PSG","Location":"Petersburg, AK","State":"Alaska","TemperatureAvg Temp":60,"TemperatureMax":60,"TemperatureMin":60,"WindDirection":18,"WindSpeed":1.83},{"Precipitation":0.0,"YearDate":"2023-01-03","YearMonth":1,"Week of":3,"Year":2023,"City":"Puntilla Lake","Code":"PTI","Location":"Puntilla Lake, AK","State":"Alaska","TemperatureAvg Temp":60,"TemperatureMax":60,"TemperatureMin":60,"WindDirection":0,"WindSpeed":0.0},{"Precipitation":0.0,"YearDate":"2023-01-03","YearMonth":1,"Week of":3,"Year":2023,"City":"Shemya","Code":"SYA","Location":"Shemya, AK","State":"Alaska","TemperatureAvg Temp":60,"TemperatureMax":60,"TemperatureMin":60,"WindDirection":0,"WindSpeed":0.0},{"Precipitation":0.37,"YearDate":"2023-01-03","YearMonth":1,"Week of":3,"Year":2023,"City":"Sitka","Code":"SIT","Location":"Sitka, AK","State":"Alaska","TemperatureAvg Temp":43,"TemperatureMax":46,"TemperatureMin":39,"WindDirection":19,"WindSpeed":11.26},{"Precipitation":0.55,"YearDate":"2023-01-03","YearMonth":1,"Week of":3,"Year":2023,"City":"Skagway","Code":"SGY","Location":"Skagway, AK","State":"Alaska","TemperatureAvg Temp":38,"TemperatureMax":42,"TemperatureMin":33,"WindDirection":14,"WindSpeed":5.2},{"Precipitation":0.15,"YearDate":"2023-01-03","YearMonth":1,"Week of":3,"Year":2023,"City":"St Paul Island","Code":"SNP","Location":"St Paul Island, AK","State":"Alaska","TemperatureAvg Temp":32,"TemperatureMax":35,"TemperatureMin":29,"WindDirection":22,"WindSpeed":9.03},{"Precipitation":0.04,"YearDate":"2023-01-03","YearMonth":1,"Week of":3,"Year":2023,"City":"Talkeetna","Code":"TKA","Location":"Talkeetna, AK","State":"Alaska","TemperatureAvg Temp":32,"TemperatureMax":39,"TemperatureMin":23,"WindDirection":2,"WindSpeed":4.93},{"Precipitation":0.0,"YearDate":"2023-01-03","YearMonth":1,"Week of":3,"Year":2023,"City":"Tanana","Code":"TAL","Location":"Tanana, AK","State":"Alaska","TemperatureAvg Temp":21,"TemperatureMax":29,"TemperatureMin":13,"WindDirection":8,"WindSpeed":3.83},{"Precipitation":0.05,"YearDate":"2023-01-03","YearMonth":1,"Week of":3,"Year":2023,"City":"Utqiagvik (Barrow)","Code":"BRW","Location":"Utqiagvik (Barrow), AK","State":"Alaska","TemperatureAvg Temp":6,"TemperatureMax":9,"TemperatureMin":2,"WindDirection":6,"WindSpeed":13.76},{"Precipitation":2.42,"YearDate":"2023-01-03","YearMonth":1,"Week of":3,"Year":2023,"City":"Yakutat","Code":"YAK","Location":"Yakutat, AK","State":"Alaska","TemperatureAvg Temp":36,"TemperatureMax":40,"TemperatureMin":32,"WindDirection":11,"WindSpeed":5.93},{"Precipitation":0.0,"YearDate":"2023-01-03","YearMonth":1,"Week of":3,"Year":2023,"City":"Douglas Bisbee","Code":"DUG","Location":"Douglas Bisbee, AZ","State":"Arizona","TemperatureAvg Temp":41,"TemperatureMax":57,"TemperatureMin":24,"WindDirection":6,"WindSpeed":4.2},{"Precipitation":0.0,"YearDate":"2023-01-03","YearMonth":1,"Week of":3,"Year":2023,"City":"Kingman","Code":"IGM","Location":"Kingman, AZ","State":"Arizona","TemperatureAvg Temp":40,"TemperatureMax":54,"TemperatureMin":25,"WindDirection":4,"WindSpeed":4.2},{"Precipitation":0.0,"YearDate":"2023-01-03","YearMonth":1,"Week of":3,"Year":2023,"City":"Phoenix","Code":"PHX","Location":"Phoenix, AZ","State":"Arizona","TemperatureAvg Temp":58,"TemperatureMax":69,"TemperatureMin":45,"WindDirection":13,"WindSpeed":5.8},{"Precipitation":0.0,"YearDate":"2023-01-03","YearMonth":1,"Week of":3,"Year":2023,"City":"Tucson","Code":"TUS","Location":"Tucson, AZ","State":"Arizona","TemperatureAvg Temp":56,"TemperatureMax":69,"TemperatureMin":43,"WindDirection":12,"WindSpeed":12.93},{"Precipitation":0.0,"YearDate":"2023-01-03","YearMonth":1,"Week of":3,"Year":2023,"City":"Winslow","Code":"INW","Location":"Winslow, AZ","State":"Arizona","TemperatureAvg Temp":29,"TemperatureMax":42,"TemperatureMin":15,"WindDirection":27,"WindSpeed":2.7},{"Precipitation":0.0,"YearDate":"2023-01-03","YearMonth":1,"Week of":3,"Year":2023,"City":"Fort Smith","Code":"FSM","Location":"Fort Smith, AR","State":"Arkansas","TemperatureAvg Temp":39,"TemperatureMax":51,"TemperatureMin":27,"WindDirection":27,"WindSpeed":5.16},{"Precipitation":0.0,"YearDate":"2023-01-03","YearMonth":1,"Week of":3,"Year":2023,"City":"Harrison","Code":"HRO","Location":"Harrison, AR","State":"Arkansas","TemperatureAvg Temp":38,"TemperatureMax":48,"TemperatureMin":27,"WindDirection":29,"WindSpeed":7.4},{"Precipitation":0.0,"YearDate":"2023-01-03","YearMonth":1,"Week of":3,"Year":2023,"City":"North Little Rock","Code":"LZK","Location":"North Little Rock, AR","State":"Arkansas","TemperatureAvg Temp":42,"TemperatureMax":49,"TemperatureMin":34,"WindDirection":0,"WindSpeed":0.0},{"Precipitation":0.0,"YearDate":"2023-01-03","YearMonth":1,"Week of":3,"Year":2023,"City":"Bakersfield","Code":"BFL","Location":"Bakersfield, CA","State":"California","TemperatureAvg Temp":47,"TemperatureMax":60,"TemperatureMin":33,"WindDirection":34,"WindSpeed":2.2},{"Precipitation":0.0,"YearDate":"2023-01-03","YearMonth":1,"Week of":3,"Year":2023,"City":"Bishop","Code":"BIH","Location":"Bishop, CA","State":"California","TemperatureAvg Temp":27,"TemperatureMax":42,"TemperatureMin":12,"WindDirection":32,"WindSpeed":3.06},{"Precipitation":0.0,"YearDate":"2023-01-03","YearMonth":1,"Week of":3,"Year":2023,"City":"China Lake","Code":"NID","Location":"China Lake, CA","State":"California","TemperatureAvg Temp":35,"TemperatureMax":49,"TemperatureMin":21,"WindDirection":21,"WindSpeed":1.56},{"Precipitation":0.0,"YearDate":"2023-01-03","YearMonth":1,"Week of":3,"Year":2023,"City":"Concord","Code":"CCR","Location":"Concord, CA","State":"California","TemperatureAvg Temp":44,"TemperatureMax":51,"TemperatureMin":37,"WindDirection":6,"WindSpeed":4.06},{"Precipitation":0.06,"YearDate":"2023-01-03","YearMonth":1,"Week of":3,"Year":2023,"City":"Eureka","Code":"EKA","Location":"Eureka, CA","State":"California","TemperatureAvg Temp":44,"TemperatureMax":53,"TemperatureMin":33,"WindDirection":0,"WindSpeed":0.0},{"Precipitation":0.0,"YearDate":"2023-01-03","YearMonth":1,"Week of":3,"Year":2023,"City":"Fresno","Code":"FAT","Location":"Fresno, CA","State":"California","TemperatureAvg Temp":46,"TemperatureMax":55,"TemperatureMin":36,"WindDirection":25,"WindSpeed":0.86},{"Precipitation":0.0,"YearDate":"2023-01-03","YearMonth":1,"Week of":3,"Year":2023,"City":"Hayward","Code":"HWD","Location":"Hayward, CA","State":"California","TemperatureAvg Temp":47,"TemperatureMax":53,"TemperatureMin":41,"WindDirection":6,"WindSpeed":6.56},{"Precipitation":0.0,"YearDate":"2023-01-03","YearMonth":1,"Week of":3,"Year":2023,"City":"Long Beach","Code":"LGB","Location":"Long Beach, CA","State":"California","TemperatureAvg Temp":54,"TemperatureMax":65,"TemperatureMin":43,"WindDirection":24,"WindSpeed":2.13},{"Precipitation":0.0,"YearDate":"2023-01-03","YearMonth":1,"Week of":3,"Year":2023,"City":"Los Angeles","Code":"LAX","Location":"Los Angeles, CA","State":"California","TemperatureAvg Temp":55,"TemperatureMax":63,"TemperatureMin":45,"WindDirection":15,"WindSpeed":2.76},{"Precipitation":0.0,"YearDate":"2023-01-03","YearMonth":1,"Week of":3,"Year":2023,"City":"Red Bluff","Code":"RBL","Location":"Red Bluff, CA","State":"California","TemperatureAvg Temp":44,"TemperatureMax":50,"TemperatureMin":36,"WindDirection":33,"WindSpeed":7.73},{"Precipitation":0.0,"YearDate":"2023-01-03","YearMonth":1,"Week of":3,"Year":2023,"City":"Redding","Code":"RDD","Location":"Redding, CA","State":"California","TemperatureAvg Temp":45,"TemperatureMax":51,"TemperatureMin":38,"WindDirection":34,"WindSpeed":6.16},{"Precipitation":0.0,"YearDate":"2023-01-03","YearMonth":1,"Week of":3,"Year":2023,"City":"Sacramento","Code":"SAC","Location":"Sacramento, CA","State":"California","TemperatureAvg Temp":44,"TemperatureMax":52,"TemperatureMin":34,"WindDirection":34,"WindSpeed":3.63},{"Precipitation":0.0,"YearDate":"2023-01-03","YearMonth":1,"Week of":3,"Year":2023,"City":"Salinas","Code":"SNS","Location":"Salinas, CA","State":"California","TemperatureAvg Temp":49,"TemperatureMax":57,"TemperatureMin":41,"WindDirection":8,"WindSpeed":6.46},{"Precipitation":0.0,"YearDate":"2023-01-03","YearMonth":1,"Week of":3,"Year":2023,"City":"San Diego","Code":"SAN","Location":"San Diego, CA","State":"California","TemperatureAvg Temp":55,"TemperatureMax":64,"TemperatureMin":45,"WindDirection":24,"WindSpeed":1.83},{"Precipitation":0.04,"YearDate":"2023-01-03","YearMonth":1,"Week of":3,"Year":2023,"City":"San Francisco","Code":"SFO","Location":"San Francisco, CA","State":"California","TemperatureAvg Temp":46,"TemperatureMax":51,"TemperatureMin":41,"WindDirection":10,"WindSpeed":4.43},{"Precipitation":0.0,"YearDate":"2023-01-03","YearMonth":1,"Week of":3,"Year":2023,"City":"Sandberg","Code":"SDB","Location":"Sandberg, CA","State":"California","TemperatureAvg Temp":39,"TemperatureMax":44,"TemperatureMin":33,"WindDirection":8,"WindSpeed":18.8},{"Precipitation":0.0,"YearDate":"2023-01-03","YearMonth":1,"Week of":3,"Year":2023,"City":"Santa Barbara","Code":"SBA","Location":"Santa Barbara, CA","State":"California","TemperatureAvg Temp":51,"TemperatureMax":62,"TemperatureMin":39,"WindDirection":12,"WindSpeed":4.9},{"Precipitation":0.0,"YearDate":"2023-01-03","YearMonth":1,"Week of":3,"Year":2023,"City":"Santa Maria","Code":"SMX","Location":"Santa Maria, CA","State":"California","TemperatureAvg Temp":51,"TemperatureMax":63,"TemperatureMin":37,"WindDirection":21,"WindSpeed":3.86},{"Precipitation":0.0,"YearDate":"2023-01-03","YearMonth":1,"Week of":3,"Year":2023,"City":"Stockton","Code":"SCK","Location":"Stockton, CA","State":"California","TemperatureAvg Temp":42,"TemperatureMax":51,"TemperatureMin":33,"WindDirection":26,"WindSpeed":1.86},{"Precipitation":0.0,"YearDate":"2023-01-03","YearMonth":1,"Week of":3,"Year":2023,"City":"Alamosa","Code":"ALS","Location":"Alamosa, CO","State":"Colorado","TemperatureAvg Temp":14,"TemperatureMax":33,"TemperatureMin":-5,"WindDirection":32,"WindSpeed":1.4},{"Precipitation":0.0,"YearDate":"2023-01-03","YearMonth":1,"Week of":3,"Year":2023,"City":"Colorado Springs","Code":"COS","Location":"Colorado Springs, CO","State":"Colorado","TemperatureAvg Temp":28,"TemperatureMax":45,"TemperatureMin":9,"WindDirection":15,"WindSpeed":3.13},{"Precipitation":0.0,"YearDate":"2023-01-03","YearMonth":1,"Week of":3,"Year":2023,"City":"Craig","Code":"CAG","Location":"Craig, CO","State":"Colorado","TemperatureAvg Temp":-10,"TemperatureMax":3,"TemperatureMin":-23,"WindDirection":12,"WindSpeed":0.4},{"Precipitation":0.0,"YearDate":"2023-01-03","YearMonth":1,"Week of":3,"Year":2023,"City":"Denver","Code":"DEN","Location":"Denver, CO","State":"Colorado","TemperatureAvg Temp":27,"TemperatureMax":40,"TemperatureMin":12,"WindDirection":20,"WindSpeed":7.2},{"Precipitation":0.0,"YearDate":"2023-01-03","YearMonth":1,"Week of":3,"Year":2023,"City":"Grand Junction","Code":"GJT","Location":"Grand Junction, CO","State":"Colorado","TemperatureAvg Temp":14,"TemperatureMax":24,"TemperatureMin":4,"WindDirection":8,"WindSpeed":4.46},{"Precipitation":0.0,"YearDate":"2023-01-03","YearMonth":1,"Week of":3,"Year":2023,"City":"Pueblo","Code":"PUB","Location":"Pueblo, CO","State":"Colorado","TemperatureAvg Temp":26,"TemperatureMax":47,"TemperatureMin":4,"WindDirection":27,"WindSpeed":1.93},{"Precipitation":0.0,"YearDate":"2023-01-03","YearMonth":1,"Week of":3,"Year":2023,"City":"Bridgeport","Code":"BDR","Location":"Bridgeport, CT","State":"Connecticut","TemperatureAvg Temp":38,"TemperatureMax":43,"TemperatureMin":32,"WindDirection":27,"WindSpeed":8.86},{"Precipitation":0.0,"YearDate":"2023-01-03","YearMonth":1,"Week of":3,"Year":2023,"City":"Windsor Locks","Code":"BDL","Location":"Windsor Locks, CT","State":"Connecticut","TemperatureAvg Temp":34,"TemperatureMax":40,"TemperatureMin":27,"WindDirection":24,"WindSpeed":6.2},{"Precipitation":0.0,"YearDate":"2023-01-03","YearMonth":1,"Week of":3,"Year":2023,"City":"Newark","Code":"NWK","Location":"Newark, DE","State":"DE","TemperatureAvg Temp":37,"TemperatureMax":46,"TemperatureMin":27,"WindDirection":28,"WindSpeed":6.43},{"Precipitation":0.0,"YearDate":"2023-01-03","YearMonth":1,"Week of":3,"Year":2023,"City":"Wilmington","Code":"ILG","Location":"Wilmington, DE","State":"Delaware","TemperatureAvg Temp":37,"TemperatureMax":46,"TemperatureMin":27,"WindDirection":28,"WindSpeed":6.43},{"Precipitation":0.75,"YearDate":"2023-01-03","YearMonth":1,"Week of":3,"Year":2023,"City":"Daytona Beach","Code":"DAB","Location":"Daytona Beach, FL","State":"Florida","TemperatureAvg Temp":63,"TemperatureMax":68,"TemperatureMin":58,"WindDirection":32,"WindSpeed":6.23},{"Precipitation":0.49,"YearDate":"2023-01-03","YearMonth":1,"Week of":3,"Year":2023,"City":"Fort Lauderdale","Code":"FLL","Location":"Fort Lauderdale, FL","State":"Florida","TemperatureAvg Temp":76,"TemperatureMax":82,"TemperatureMin":70,"WindDirection":28,"WindSpeed":5.16},{"Precipitation":0.62,"YearDate":"2023-01-03","YearMonth":1,"Week of":3,"Year":2023,"City":"Gainesville","Code":"GNV","Location":"Gainesville, FL","State":"Florida","TemperatureAvg Temp":56,"TemperatureMax":62,"TemperatureMin":51,"WindDirection":33,"WindSpeed":4.6},{"Precipitation":0.49,"YearDate":"2023-01-03","YearMonth":1,"Week of":3,"Year":2023,"City":"Jacksonville","Code":"JAX","Location":"Jacksonville, FL","State":"Florida","TemperatureAvg Temp":56,"TemperatureMax":61,"TemperatureMin":50,"WindDirection":31,"WindSpeed":4.83},{"Precipitation":0.5,"YearDate":"2023-01-03","YearMonth":1,"Week of":3,"Year":2023,"City":"Key West","Code":"EYW","Location":"Key West, FL","State":"Florida","TemperatureAvg Temp":79,"TemperatureMax":82,"TemperatureMin":74,"WindDirection":17,"WindSpeed":4.53},{"Precipitation":1.13,"YearDate":"2023-01-03","YearMonth":1,"Week of":3,"Year":2023,"City":"Miami","Code":"MIA","Location":"Miami, FL","State":"Florida","TemperatureAvg Temp":76,"TemperatureMax":82,"TemperatureMin":70,"WindDirection":17,"WindSpeed":3.33},{"Precipitation":0.14,"YearDate":"2023-01-03","YearMonth":1,"Week of":3,"Year":2023,"City":"Orlando","Code":"MCO","Location":"Orlando, FL","State":"Florida","TemperatureAvg Temp":65,"TemperatureMax":72,"TemperatureMin":57,"WindDirection":31,"WindSpeed":6.93},{"Precipitation":0.12,"YearDate":"2023-01-03","YearMonth":1,"Week of":3,"Year":2023,"City":"Pensacola","Code":"PNS","Location":"Pensacola, FL","State":"Florida","TemperatureAvg Temp":48,"TemperatureMax":52,"TemperatureMin":44,"WindDirection":35,"WindSpeed":9.33},{"Precipitation":0.46,"YearDate":"2023-01-03","YearMonth":1,"Week of":3,"Year":2023,"City":"Tallahassee","Code":"TLH","Location":"Tallahassee, FL","State":"Florida","TemperatureAvg Temp":53,"TemperatureMax":57,"TemperatureMin":48,"WindDirection":34,"WindSpeed":6.16},{"Precipitation":0.18,"YearDate":"2023-01-03","YearMonth":1,"Week of":3,"Year":2023,"City":"Tampa","Code":"TPA","Location":"Tampa, FL","State":"Florida","TemperatureAvg Temp":66,"TemperatureMax":71,"TemperatureMin":59,"WindDirection":8,"WindSpeed":5.73},{"Precipitation":0.97,"YearDate":"2023-01-03","YearMonth":1,"Week of":3,"Year":2023,"City":"Vero Beach","Code":"VRB","Location":"Vero Beach, FL","State":"Florida","TemperatureAvg Temp":69,"TemperatureMax":74,"TemperatureMin":62,"WindDirection":28,"WindSpeed":6.9},{"Precipitation":0.24,"YearDate":"2023-01-03","YearMonth":1,"Week of":3,"Year":2023,"City":"West Palm Beach","Code":"PBI","Location":"West Palm Beach, FL","State":"Florida","TemperatureAvg Temp":74,"TemperatureMax":80,"TemperatureMin":67,"WindDirection":27,"WindSpeed":6.83},{"Precipitation":0.66,"YearDate":"2023-01-03","YearMonth":1,"Week of":3,"Year":2023,"City":"Alma","Code":"AMG","Location":"Alma, GA","State":"Georgia","TemperatureAvg Temp":51,"TemperatureMax":58,"TemperatureMin":47,"WindDirection":32,"WindSpeed":5.06},{"Precipitation":0.0,"YearDate":"2023-01-03","YearMonth":1,"Week of":3,"Year":2023,"City":"Athens","Code":"AHN","Location":"Athens, GA","State":"Georgia","TemperatureAvg Temp":45,"TemperatureMax":54,"TemperatureMin":36,"WindDirection":29,"WindSpeed":5.1},{"Precipitation":0.0,"YearDate":"2023-01-03","YearMonth":1,"Week of":3,"Year":2023,"City":"Atlanta","Code":"ATL","Location":"Atlanta, GA","State":"Georgia","TemperatureAvg Temp":42,"TemperatureMax":48,"TemperatureMin":36,"WindDirection":31,"WindSpeed":10.93},{"Precipitation":0.0,"YearDate":"2023-01-03","YearMonth":1,"Week of":3,"Year":2023,"City":"Augusta","Code":"AGS","Location":"Augusta, GA","State":"Georgia","TemperatureAvg Temp":48,"TemperatureMax":56,"TemperatureMin":41,"WindDirection":31,"WindSpeed":3.06},{"Precipitation":0.01,"YearDate":"2023-01-03","YearMonth":1,"Week of":3,"Year":2023,"City":"Macon","Code":"MCN","Location":"Macon, GA","State":"Georgia","TemperatureAvg Temp":47,"TemperatureMax":53,"TemperatureMin":40,"WindDirection":31,"WindSpeed":5.46},{"Precipitation":0.41,"YearDate":"2023-01-03","YearMonth":1,"Week of":3,"Year":2023,"City":"Savannah","Code":"SAV","Location":"Savannah, GA","State":"Georgia","TemperatureAvg Temp":56,"TemperatureMax":62,"TemperatureMin":49,"WindDirection":31,"WindSpeed":5.0},{"Precipitation":0.11,"YearDate":"2023-01-03","YearMonth":1,"Week of":3,"Year":2023,"City":"Hilo","Code":"ITO","Location":"Hilo, HI","State":"Hawaii","TemperatureAvg Temp":73,"TemperatureMax":81,"TemperatureMin":65,"WindDirection":20,"WindSpeed":3.33},{"Precipitation":0.0,"YearDate":"2023-01-03","YearMonth":1,"Week of":3,"Year":2023,"City":"Honolulu","Code":"HNL","Location":"Honolulu, HI","State":"Hawaii","TemperatureAvg Temp":73,"TemperatureMax":81,"TemperatureMin":64,"WindDirection":24,"WindSpeed":5.13},{"Precipitation":0.04,"YearDate":"2023-01-03","YearMonth":1,"Week of":3,"Year":2023,"City":"Kahului","Code":"OGG","Location":"Kahului, HI","State":"Hawaii","TemperatureAvg Temp":71,"TemperatureMax":80,"TemperatureMin":60,"WindDirection":3,"WindSpeed":8.4},{"Precipitation":0.04,"YearDate":"2023-01-03","YearMonth":1,"Week of":3,"Year":2023,"City":"Kaunakakai","Code":"MKK","Location":"Kaunakakai, HI","State":"Hawaii","TemperatureAvg Temp":72,"TemperatureMax":79,"TemperatureMin":64,"WindDirection":14,"WindSpeed":8.86},{"Precipitation":0.0,"YearDate":"2023-01-03","YearMonth":1,"Week of":3,"Year":2023,"City":"Lihue","Code":"LIH","Location":"Lihue, HI","State":"Hawaii","TemperatureAvg Temp":70,"TemperatureMax":79,"TemperatureMin":60,"WindDirection":23,"WindSpeed":6.06},{"Precipitation":0.0,"YearDate":"2023-01-03","YearMonth":1,"Week of":3,"Year":2023,"City":"Boise","Code":"BOI","Location":"Boise, ID","State":"Idaho","TemperatureAvg Temp":15,"TemperatureMax":23,"TemperatureMin":7,"WindDirection":16,"WindSpeed":3.0},{"Precipitation":0.0,"YearDate":"2023-01-03","YearMonth":1,"Week of":3,"Year":2023,"City":"Lewiston","Code":"LWS","Location":"Lewiston, ID","State":"Idaho","TemperatureAvg Temp":21,"TemperatureMax":29,"TemperatureMin":12,"WindDirection":9,"WindSpeed":2.56},{"Precipitation":0.0,"YearDate":"2023-01-03","YearMonth":1,"Week of":3,"Year":2023,"City":"Pocatello","Code":"PIH","Location":"Pocatello, ID","State":"Idaho","TemperatureAvg Temp":8,"TemperatureMax":21,"TemperatureMin":-4,"WindDirection":2,"WindSpeed":2.66},{"Precipitation":0.0,"YearDate":"2023-01-03","YearMonth":1,"Week of":3,"Year":2023,"City":"Chicago","Code":"ORD","Location":"Chicago, IL","State":"Illinois","TemperatureAvg Temp":25,"TemperatureMax":30,"TemperatureMin":20,"WindDirection":28,"WindSpeed":12.16},{"Precipitation":0.0,"YearDate":"2023-01-03","YearMonth":1,"Week of":3,"Year":2023,"City":"Moline","Code":"MLI","Location":"Moline, IL","State":"Illinois","TemperatureAvg Temp":25,"TemperatureMax":31,"TemperatureMin":19,"WindDirection":28,"WindSpeed":10.9},{"Precipitation":0.0,"YearDate":"2023-01-03","YearMonth":1,"Week of":3,"Year":2023,"City":"Peoria","Code":"PIA","Location":"Peoria, IL","State":"Illinois","TemperatureAvg Temp":29,"TemperatureMax":35,"TemperatureMin":22,"WindDirection":28,"WindSpeed":8.2},{"Precipitation":0.0,"YearDate":"2023-01-03","YearMonth":1,"Week of":3,"Year":2023,"City":"Quincy","Code":"UIN","Location":"Quincy, IL","State":"Illinois","TemperatureAvg Temp":29,"TemperatureMax":35,"TemperatureMin":22,"WindDirection":28,"WindSpeed":10.53},{"Precipitation":0.0,"YearDate":"2023-01-03","YearMonth":1,"Week of":3,"Year":2023,"City":"Rockford","Code":"RFD","Location":"Rockford, IL","State":"Illinois","TemperatureAvg Temp":24,"TemperatureMax":30,"TemperatureMin":18,"WindDirection":28,"WindSpeed":9.73},{"Precipitation":0.0,"YearDate":"2023-01-03","YearMonth":1,"Week of":3,"Year":2023,"City":"Springfield","Code":"SPI","Location":"Springfield, IL","State":"Illinois","TemperatureAvg Temp":31,"TemperatureMax":37,"TemperatureMin":24,"WindDirection":27,"WindSpeed":9.96},{"Precipitation":0.0,"YearDate":"2023-01-03","YearMonth":1,"Week of":3,"Year":2023,"City":"Evansville","Code":"EVV","Location":"Evansville, IN","State":"Indiana","TemperatureAvg Temp":35,"TemperatureMax":43,"TemperatureMin":27,"WindDirection":27,"WindSpeed":6.06},{"Precipitation":0.0,"YearDate":"2023-01-03","YearMonth":1,"Week of":3,"Year":2023,"City":"Fort Wayne","Code":"FWA","Location":"Fort Wayne, IN","State":"Indiana","TemperatureAvg Temp":29,"TemperatureMax":31,"TemperatureMin":25,"WindDirection":26,"WindSpeed":13.2},{"Precipitation":0.0,"YearDate":"2023-01-03","YearMonth":1,"Week of":3,"Year":2023,"City":"Indianapolis","Code":"IND","Location":"Indianapolis, IN","State":"Indiana","TemperatureAvg Temp":29,"TemperatureMax":34,"TemperatureMin":24,"WindDirection":26,"WindSpeed":10.73},{"Precipitation":0.03,"YearDate":"2023-01-03","YearMonth":1,"Week of":3,"Year":2023,"City":"South Bend","Code":"SBN","Location":"South Bend, IN","State":"Indiana","TemperatureAvg Temp":27,"TemperatureMax":30,"TemperatureMin":23,"WindDirection":26,"WindSpeed":11.83},{"Precipitation":0.0,"YearDate":"2023-01-03","YearMonth":1,"Week of":3,"Year":2023,"City":"Cedar Rapids","Code":"CID","Location":"Cedar Rapids, IA","State":"Iowa","TemperatureAvg Temp":22,"TemperatureMax":28,"TemperatureMin":15,"WindDirection":28,"WindSpeed":11.46},{"Precipitation":0.0,"YearDate":"2023-01-03","YearMonth":1,"Week of":3,"Year":2023,"City":"Des Moines","Code":"DSM","Location":"Des Moines, IA","State":"Iowa","TemperatureAvg Temp":24,"TemperatureMax":32,"TemperatureMin":16,"WindDirection":30,"WindSpeed":10.0},{"Precipitation":0.0,"YearDate":"2023-01-03","YearMonth":1,"Week of":3,"Year":2023,"City":"Dubuque","Code":"DBQ","Location":"Dubuque, IA","State":"Iowa","TemperatureAvg Temp":21,"TemperatureMax":27,"TemperatureMin":14,"WindDirection":28,"WindSpeed":11.86},{"Precipitation":0.0,"YearDate":"2023-01-03","YearMonth":1,"Week of":3,"Year":2023,"City":"Sioux City","Code":"SUX","Location":"Sioux City, IA","State":"Iowa","TemperatureAvg Temp":21,"TemperatureMax":31,"TemperatureMin":11,"WindDirection":30,"WindSpeed":8.63},{"Precipitation":0.0,"YearDate":"2023-01-03","YearMonth":1,"Week of":3,"Year":2023,"City":"Waterloo","Code":"ALO","Location":"Waterloo, IA","State":"Iowa","TemperatureAvg Temp":22,"TemperatureMax":29,"TemperatureMin":13,"WindDirection":28,"WindSpeed":11.06},{"Precipitation":0.0,"YearDate":"2023-01-03","YearMonth":1,"Week of":3,"Year":2023,"City":"Concordia","Code":"CNK","Location":"Concordia, KS","State":"Kansas","TemperatureAvg Temp":31,"TemperatureMax":43,"TemperatureMin":18,"WindDirection":29,"WindSpeed":8.96},{"Precipitation":0.0,"YearDate":"2023-01-03","YearMonth":1,"Week of":3,"Year":2023,"City":"Dodge City","Code":"DDC","Location":"Dodge City, KS","State":"Kansas","TemperatureAvg Temp":31,"TemperatureMax":46,"TemperatureMin":16,"WindDirection":31,"WindSpeed":8.36},{"Precipitation":0.0,"YearDate":"2023-01-03","YearMonth":1,"Week of":3,"Year":2023,"City":"Goodland","Code":"GLD","Location":"Goodland, KS","State":"Kansas","TemperatureAvg Temp":30,"TemperatureMax":46,"TemperatureMin":13,"WindDirection":28,"WindSpeed":8.1},{"Precipitation":0.0,"YearDate":"2023-01-03","YearMonth":1,"Week of":3,"Year":2023,"City":"Medicine Lodge","Code":"P28","Location":"Medicine Lodge, KS","State":"Kansas","TemperatureAvg Temp":34,"TemperatureMax":49,"TemperatureMin":19,"WindDirection":32,"WindSpeed":4.9},{"Precipitation":0.0,"YearDate":"2023-01-03","YearMonth":1,"Week of":3,"Year":2023,"City":"Topeka","Code":"TOP","Location":"Topeka, KS","State":"Kansas","TemperatureAvg Temp":32,"TemperatureMax":43,"TemperatureMin":22,"WindDirection":29,"WindSpeed":5.96},{"Precipitation":0.0,"YearDate":"2023-01-03","YearMonth":1,"Week of":3,"Year":2023,"City":"Wichita","Code":"ICT","Location":"Wichita, KS","State":"Kansas","TemperatureAvg Temp":33,"TemperatureMax":45,"TemperatureMin":21,"WindDirection":29,"WindSpeed":5.96},{"Precipitation":0.0,"YearDate":"2023-01-03","YearMonth":1,"Week of":3,"Year":2023,"City":"Covington","Code":"CVG","Location":"Covington, KY","State":"Kentucky","TemperatureAvg Temp":33,"TemperatureMax":39,"TemperatureMin":27,"WindDirection":26,"WindSpeed":7.73},{"Precipitation":0.0,"YearDate":"2023-01-03","YearMonth":1,"Week of":3,"Year":2023,"City":"Jackson","Code":"JKL","Location":"Jackson, KY","State":"Kentucky","TemperatureAvg Temp":37,"TemperatureMax":45,"TemperatureMin":28,"WindDirection":24,"WindSpeed":2.93},{"Precipitation":0.0,"YearDate":"2023-01-03","YearMonth":1,"Week of":3,"Year":2023,"City":"Lexington","Code":"LEX","Location":"Lexington, KY","State":"Kentucky","TemperatureAvg Temp":35,"TemperatureMax":42,"TemperatureMin":27,"WindDirection":25,"WindSpeed":7.93},{"Precipitation":0.0,"YearDate":"2023-01-03","YearMonth":1,"Week of":3,"Year":2023,"City":"Louisville","Code":"SDF","Location":"Louisville, KY","State":"Kentucky","TemperatureAvg Temp":38,"TemperatureMax":45,"TemperatureMin":31,"WindDirection":27,"WindSpeed":6.7},{"Precipitation":0.0,"YearDate":"2023-01-03","YearMonth":1,"Week of":3,"Year":2023,"City":"Paducah","Code":"PAH","Location":"Paducah, KY","State":"Kentucky","TemperatureAvg Temp":36,"TemperatureMax":47,"TemperatureMin":25,"WindDirection":27,"WindSpeed":5.6},{"Precipitation":0.09,"YearDate":"2023-01-03","YearMonth":1,"Week of":3,"Year":2023,"City":"Baton Rouge","Code":"BTR","Location":"Baton Rouge, LA","State":"Louisiana","TemperatureAvg Temp":47,"TemperatureMax":53,"TemperatureMin":40,"WindDirection":23,"WindSpeed":3.43},{"Precipitation":0.08,"YearDate":"2023-01-03","YearMonth":1,"Week of":3,"Year":2023,"City":"Lake Charles","Code":"LCH","Location":"Lake Charles, LA","State":"Louisiana","TemperatureAvg Temp":47,"TemperatureMax":52,"TemperatureMin":43,"WindDirection":12,"WindSpeed":8.33},{"Precipitation":0.59,"YearDate":"2023-01-03","YearMonth":1,"Week of":3,"Year":2023,"City":"New Orleans","Code":"MSY","Location":"New Orleans, LA","State":"Louisiana","TemperatureAvg Temp":50,"TemperatureMax":54,"TemperatureMin":46,"WindDirection":13,"WindSpeed":11.93},{"Precipitation":0.0,"YearDate":"2023-01-03","YearMonth":1,"Week of":3,"Year":2023,"City":"Shreveport","Code":"SHV","Location":"Shreveport, LA","State":"Louisiana","TemperatureAvg Temp":46,"TemperatureMax":53,"TemperatureMin":39,"WindDirection":21,"WindSpeed":5.36},{"Precipitation":0.22,"YearDate":"2023-01-03","YearMonth":1,"Week of":3,"Year":2023,"City":"Slidell","Code":"ASD","Location":"Slidell, LA","State":"Louisiana","TemperatureAvg Temp":47,"TemperatureMax":53,"TemperatureMin":42,"WindDirection":23,"WindSpeed":6.66},{"Precipitation":0.0,"YearDate":"2023-01-03","YearMonth":1,"Week of":3,"Year":2023,"City":"Bangor","Code":"BGR","Location":"Bangor, ME","State":"Maine","TemperatureAvg Temp":29,"TemperatureMax":35,"TemperatureMin":22,"WindDirection":24,"WindSpeed":4.6},{"Precipitation":0.1,"YearDate":"2023-01-03","YearMonth":1,"Week of":3,"Year":2023,"City":"Caribou","Code":"CAR","Location":"Caribou, ME","State":"Maine","TemperatureAvg Temp":23,"TemperatureMax":29,"TemperatureMin":17,"WindDirection":25,"WindSpeed":5.66},{"Precipitation":0.01,"YearDate":"2023-01-03","YearMonth":1,"Week of":3,"Year":2023,"City":"Portland","Code":"PWM","Location":"Portland, ME","State":"Maine","TemperatureAvg Temp":34,"TemperatureMax":39,"TemperatureMin":28,"WindDirection":24,"WindSpeed":7.53},{"Precipitation":0.0,"YearDate":"2023-01-03","YearMonth":1,"Week of":3,"Year":2023,"City":"Baltimore","Code":"BWI","Location":"Baltimore, MD","State":"Maryland","TemperatureAvg Temp":37,"TemperatureMax":48,"TemperatureMin":26,"WindDirection":27,"WindSpeed":5.36},{"Precipitation":0.0,"YearDate":"2023-01-03","YearMonth":1,"Week of":3,"Year":2023,"City":"Salisbury","Code":"SBY","Location":"Salisbury, MD","State":"Maryland","TemperatureAvg Temp":38,"TemperatureMax":48,"TemperatureMin":28,"WindDirection":27,"WindSpeed":3.46},{"Precipitation":0.0,"YearDate":"2023-01-03","YearMonth":1,"Week of":3,"Year":2023,"City":"Boston","Code":"BOS","Location":"Boston, MA","State":"Massachusetts","TemperatureAvg Temp":37,"TemperatureMax":41,"TemperatureMin":31,"WindDirection":25,"WindSpeed":11.83},{"Precipitation":0.0,"YearDate":"2023-01-03","YearMonth":1,"Week of":3,"Year":2023,"City":"Milton","Code":"MQE","Location":"Milton, MA","State":"Massachusetts","TemperatureAvg Temp":60,"TemperatureMax":60,"TemperatureMin":60,"WindDirection":25,"WindSpeed":11.6},{"Precipitation":0.0,"YearDate":"2023-01-03","YearMonth":1,"Week of":3,"Year":2023,"City":"Worcester","Code":"ORH","Location":"Worcester, MA","State":"Massachusetts","TemperatureAvg Temp":31,"TemperatureMax":35,"TemperatureMin":26,"WindDirection":25,"WindSpeed":11.56},{"Precipitation":0.01,"YearDate":"2023-01-03","YearMonth":1,"Week of":3,"Year":2023,"City":"Alpena","Code":"APN","Location":"Alpena, MI","State":"Michigan","TemperatureAvg Temp":27,"TemperatureMax":32,"TemperatureMin":21,"WindDirection":26,"WindSpeed":8.96},{"Precipitation":0.0,"YearDate":"2023-01-03","YearMonth":1,"Week of":3,"Year":2023,"City":"Detroit","Code":"DTW","Location":"Detroit, MI","State":"Michigan","TemperatureAvg Temp":32,"TemperatureMax":36,"TemperatureMin":27,"WindDirection":24,"WindSpeed":12.96},{"Precipitation":0.05,"YearDate":"2023-01-03","YearMonth":1,"Week of":3,"Year":2023,"City":"Flint","Code":"FNT","Location":"Flint, MI","State":"Michigan","TemperatureAvg Temp":31,"TemperatureMax":34,"TemperatureMin":27,"WindDirection":27,"WindSpeed":11.13},{"Precipitation":0.04,"YearDate":"2023-01-03","YearMonth":1,"Week of":3,"Year":2023,"City":"Grand Rapids","Code":"GRR","Location":"Grand Rapids, MI","State":"Michigan","TemperatureAvg Temp":30,"TemperatureMax":33,"TemperatureMin":26,"WindDirection":27,"WindSpeed":13.3},{"Precipitation":0.08,"YearDate":"2023-01-03","YearMonth":1,"Week of":3,"Year":2023,"City":"Houghton Lake","Code":"HTL","Location":"Houghton Lake, MI","State":"Michigan","TemperatureAvg Temp":26,"TemperatureMax":30,"TemperatureMin":21,"WindDirection":27,"WindSpeed":11.16},{"Precipitation":0.04,"YearDate":"2023-01-03","YearMonth":1,"Week of":3,"Year":2023,"City":"Lansing","Code":"LAN","Location":"Lansing, MI","State":"Michigan","TemperatureAvg Temp":29,"TemperatureMax":32,"TemperatureMin":25,"WindDirection":26,"WindSpeed":12.5},{"Precipitation":0.21,"YearDate":"2023-01-03","YearMonth":1,"Week of":3,"Year":2023,"City":"Marquette","Code":"MQT","Location":"Marquette, MI","State":"Michigan","TemperatureAvg Temp":23,"TemperatureMax":27,"TemperatureMin":18,"WindDirection":0,"WindSpeed":0.0},{"Precipitation":0.0,"YearDate":"2023-01-03","YearMonth":1,"Week of":3,"Year":2023,"City":"Muskegon","Code":"MKG","Location":"Muskegon, MI","State":"Michigan","TemperatureAvg Temp":31,"TemperatureMax":35,"TemperatureMin":27,"WindDirection":28,"WindSpeed":13.23},{"Precipitation":0.04,"YearDate":"2023-01-03","YearMonth":1,"Week of":3,"Year":2023,"City":"Sault Ste Marie","Code":"ANJ","Location":"Sault Ste Marie, MI","State":"Michigan","TemperatureAvg Temp":24,"TemperatureMax":31,"TemperatureMin":17,"WindDirection":28,"WindSpeed":9.56},{"Precipitation":0.0,"YearDate":"2023-01-03","YearMonth":1,"Week of":3,"Year":2023,"City":"Duluth","Code":"DLH","Location":"Duluth, MN","State":"Minnesota","TemperatureAvg Temp":22,"TemperatureMax":27,"TemperatureMin":17,"WindDirection":30,"WindSpeed":11.56},{"Precipitation":0.0,"YearDate":"2023-01-03","YearMonth":1,"Week of":3,"Year":2023,"City":"International Falls","Code":"INL","Location":"International Falls, MN","State":"Minnesota","TemperatureAvg Temp":21,"TemperatureMax":25,"TemperatureMin":15,"WindDirection":29,"WindSpeed":7.76},{"Precipitation":0.0,"YearDate":"2023-01-03","YearMonth":1,"Week of":3,"Year":2023,"City":"Minneapolis","Code":"MSP","Location":"Minneapolis, MN","State":"Minnesota","TemperatureAvg Temp":23,"TemperatureMax":30,"TemperatureMin":16,"WindDirection":28,"WindSpeed":9.36},{"Precipitation":0.0,"YearDate":"2023-01-03","YearMonth":1,"Week of":3,"Year":2023,"City":"Rochester","Code":"RST","Location":"Rochester, MN","State":"Minnesota","TemperatureAvg Temp":19,"TemperatureMax":26,"TemperatureMin":13,"WindDirection":29,"WindSpeed":13.73},{"Precipitation":0.0,"YearDate":"2023-01-03","YearMonth":1,"Week of":3,"Year":2023,"City":"St Cloud","Code":"STC","Location":"St Cloud, MN","State":"Minnesota","TemperatureAvg Temp":20,"TemperatureMax":29,"TemperatureMin":10,"WindDirection":29,"WindSpeed":9.03},{"Precipitation":0.0,"YearDate":"2023-01-03","YearMonth":1,"Week of":3,"Year":2023,"City":"Greenville","Code":"GLH","Location":"Greenville, MS","State":"Mississippi","TemperatureAvg Temp":42,"TemperatureMax":48,"TemperatureMin":35,"WindDirection":30,"WindSpeed":4.56},{"Precipitation":0.0,"YearDate":"2023-01-03","YearMonth":1,"Week of":3,"Year":2023,"City":"Greenwood","Code":"GWO","Location":"Greenwood, MS","State":"Mississippi","TemperatureAvg Temp":40,"TemperatureMax":48,"TemperatureMin":32,"WindDirection":23,"WindSpeed":2.36},{"Precipitation":0.38,"YearDate":"2023-01-03","YearMonth":1,"Week of":3,"Year":2023,"City":"Gulfport","Code":"GPT","Location":"Gulfport, MS","State":"Mississippi","TemperatureAvg Temp":47,"TemperatureMax":52,"TemperatureMin":42,"WindDirection":35,"WindSpeed":9.76},{"Precipitation":0.02,"YearDate":"2023-01-03","YearMonth":1,"Week of":3,"Year":2023,"City":"Hattiesburg","Code":"HBG","Location":"Hattiesburg, MS","State":"Mississippi","TemperatureAvg Temp":46,"TemperatureMax":51,"TemperatureMin":40,"WindDirection":34,"WindSpeed":5.76},{"Precipitation":0.0,"YearDate":"2023-01-03","YearMonth":1,"Week of":3,"Year":2023,"City":"Jackson","Code":"JAN","Location":"Jackson, MS","State":"Mississippi","TemperatureAvg Temp":44,"TemperatureMax":50,"TemperatureMin":38,"WindDirection":33,"WindSpeed":5.43},{"Precipitation":0.01,"YearDate":"2023-01-03","YearMonth":1,"Week of":3,"Year":2023,"City":"Meridian","Code":"MEI","Location":"Meridian, MS","State":"Mississippi","TemperatureAvg Temp":43,"TemperatureMax":49,"TemperatureMin":36,"WindDirection":34,"WindSpeed":5.56},{"Precipitation":0.0,"YearDate":"2023-01-03","YearMonth":1,"Week of":3,"Year":2023,"City":"Tupelo","Code":"TUP","Location":"Tupelo, MS","State":"Mississippi","TemperatureAvg Temp":40,"TemperatureMax":50,"TemperatureMin":31,"WindDirection":23,"WindSpeed":4.13},{"Precipitation":0.0,"YearDate":"2023-01-03","YearMonth":1,"Week of":3,"Year":2023,"City":"Cape Girardeau","Code":"CGI","Location":"Cape Girardeau, MO","State":"Missouri","TemperatureAvg Temp":37,"TemperatureMax":46,"TemperatureMin":27,"WindDirection":29,"WindSpeed":5.96},{"Precipitation":0.0,"YearDate":"2023-01-03","YearMonth":1,"Week of":3,"Year":2023,"City":"Columbia","Code":"COU","Location":"Columbia, MO","State":"Missouri","TemperatureAvg Temp":33,"TemperatureMax":41,"TemperatureMin":24,"WindDirection":28,"WindSpeed":9.26},{"Precipitation":0.0,"YearDate":"2023-01-03","YearMonth":1,"Week of":3,"Year":2023,"City":"Kansas City","Code":"MCI","Location":"Kansas City, MO","State":"Missouri","TemperatureAvg Temp":29,"TemperatureMax":38,"TemperatureMin":20,"WindDirection":28,"WindSpeed":8.13},{"Precipitation":0.0,"YearDate":"2023-01-03","YearMonth":1,"Week of":3,"Year":2023,"City":"Rolla/Vichy","Code":"VIH","Location":"Rolla/Vichy, MO","State":"Missouri","TemperatureAvg Temp":33,"TemperatureMax":41,"TemperatureMin":24,"WindDirection":27,"WindSpeed":8.63},{"Precipitation":0.0,"YearDate":"2023-01-03","YearMonth":1,"Week of":3,"Year":2023,"City":"Springfield","Code":"SGF","Location":"Springfield, MO","State":"Missouri","TemperatureAvg Temp":35,"TemperatureMax":45,"TemperatureMin":23,"WindDirection":28,"WindSpeed":7.5},{"Precipitation":0.0,"YearDate":"2023-01-03","YearMonth":1,"Week of":3,"Year":2023,"City":"St Joseph","Code":"STJ","Location":"St Joseph, MO","State":"Missouri","TemperatureAvg Temp":26,"TemperatureMax":36,"TemperatureMin":16,"WindDirection":28,"WindSpeed":5.5},{"Precipitation":0.0,"YearDate":"2023-01-03","YearMonth":1,"Week of":3,"Year":2023,"City":"St Louis","Code":"STL","Location":"St Louis, MO","State":"Missouri","TemperatureAvg Temp":36,"TemperatureMax":43,"TemperatureMin":29,"WindDirection":28,"WindSpeed":9.03},{"Precipitation":0.0,"YearDate":"2023-01-03","YearMonth":1,"Week of":3,"Year":2023,"City":"Billings","Code":"BIL","Location":"Billings, MT","State":"Montana","TemperatureAvg Temp":23,"TemperatureMax":29,"TemperatureMin":16,"WindDirection":22,"WindSpeed":18.86},{"Precipitation":0.0,"YearDate":"2023-01-03","YearMonth":1,"Week of":3,"Year":2023,"City":"Butte","Code":"BTM","Location":"Butte, MT","State":"Montana","TemperatureAvg Temp":0,"TemperatureMax":13,"TemperatureMin":-12,"WindDirection":15,"WindSpeed":1.8},{"Precipitation":0.0,"YearDate":"2023-01-03","YearMonth":1,"Week of":3,"Year":2023,"City":"Cut Bank","Code":"CTB","Location":"Cut Bank, MT","State":"Montana","TemperatureAvg Temp":8,"TemperatureMax":22,"TemperatureMin":-6,"WindDirection":21,"WindSpeed":4.83},{"Precipitation":0.0,"YearDate":"2023-01-03","YearMonth":1,"Week of":3,"Year":2023,"City":"Dillon","Code":"DLN","Location":"Dillon, MT","State":"Montana","TemperatureAvg Temp":7,"TemperatureMax":16,"TemperatureMin":-2,"WindDirection":19,"WindSpeed":6.4},{"Precipitation":0.0,"YearDate":"2023-01-03","YearMonth":1,"Week of":3,"Year":2023,"City":"Glasgow","Code":"GGW","Location":"Glasgow, MT","State":"Montana","TemperatureAvg Temp":8,"TemperatureMax":18,"TemperatureMin":-1,"WindDirection":23,"WindSpeed":6.16},{"Precipitation":0.0,"YearDate":"2023-01-03","YearMonth":1,"Week of":3,"Year":2023,"City":"Great Falls","Code":"GTF","Location":"Great Falls, MT","State":"Montana","TemperatureAvg Temp":17,"TemperatureMax":27,"TemperatureMin":7,"WindDirection":22,"WindSpeed":11.0},{"Precipitation":0.0,"YearDate":"2023-01-03","YearMonth":1,"Week of":3,"Year":2023,"City":"Havre","Code":"HVR","Location":"Havre, MT","State":"Montana","TemperatureAvg Temp":10,"TemperatureMax":20,"TemperatureMin":0,"WindDirection":18,"WindSpeed":9.0},{"Precipitation":0.0,"YearDate":"2023-01-03","YearMonth":1,"Week of":3,"Year":2023,"City":"Helena","Code":"HLN","Location":"Helena, MT","State":"Montana","TemperatureAvg Temp":3,"TemperatureMax":12,"TemperatureMin":-5,"WindDirection":23,"WindSpeed":0.53},{"Precipitation":0.01,"YearDate":"2023-01-03","YearMonth":1,"Week of":3,"Year":2023,"City":"Kalispell","Code":"GPI","Location":"Kalispell, MT","State":"Montana","TemperatureAvg Temp":6,"TemperatureMax":16,"TemperatureMin":-3,"WindDirection":31,"WindSpeed":1.6},{"Precipitation":0.0,"YearDate":"2023-01-03","YearMonth":1,"Week of":3,"Year":2023,"City":"Miles City","Code":"MLS","Location":"Miles City, MT","State":"Montana","TemperatureAvg Temp":19,"TemperatureMax":31,"TemperatureMin":6,"WindDirection":21,"WindSpeed":6.26},{"Precipitation":0.0,"YearDate":"2023-01-03","YearMonth":1,"Week of":3,"Year":2023,"City":"Missoula","Code":"MSO","Location":"Missoula, MT","State":"Montana","TemperatureAvg Temp":7,"TemperatureMax":16,"TemperatureMin":-2,"WindDirection":12,"WindSpeed":2.33},{"Precipitation":0.0,"YearDate":"2023-01-03","YearMonth":1,"Week of":3,"Year":2023,"City":"Grand Island","Code":"GRI","Location":"Grand Island, NE","State":"Nebraska","TemperatureAvg Temp":26,"TemperatureMax":37,"TemperatureMin":15,"WindDirection":30,"WindSpeed":9.03},{"Precipitation":0.0,"YearDate":"2023-01-03","YearMonth":1,"Week of":3,"Year":2023,"City":"Lincoln","Code":"LNK","Location":"Lincoln, NE","State":"Nebraska","TemperatureAvg Temp":26,"TemperatureMax":36,"TemperatureMin":16,"WindDirection":18,"WindSpeed":5.7},{"Precipitation":0.0,"YearDate":"2023-01-03","YearMonth":1,"Week of":3,"Year":2023,"City":"Norfolk","Code":"OFK","Location":"Norfolk, NE","State":"Nebraska","TemperatureAvg Temp":22,"TemperatureMax":32,"TemperatureMin":12,"WindDirection":29,"WindSpeed":9.43},{"Precipitation":0.0,"YearDate":"2023-01-03","YearMonth":1,"Week of":3,"Year":2023,"City":"North Platte","Code":"LBF","Location":"North Platte, NE","State":"Nebraska","TemperatureAvg Temp":26,"TemperatureMax":43,"TemperatureMin":8,"WindDirection":30,"WindSpeed":6.7},{"Precipitation":0.0,"YearDate":"2023-01-03","YearMonth":1,"Week of":3,"Year":2023,"City":"Omaha","Code":"OMA","Location":"Omaha, NE","State":"Nebraska","TemperatureAvg Temp":22,"TemperatureMax":31,"TemperatureMin":12,"WindDirection":31,"WindSpeed":6.83},{"Precipitation":0.0,"YearDate":"2023-01-03","YearMonth":1,"Week of":3,"Year":2023,"City":"Scottsbluff","Code":"BFF","Location":"Scottsbluff, NE","State":"Nebraska","TemperatureAvg Temp":18,"TemperatureMax":31,"TemperatureMin":5,"WindDirection":21,"WindSpeed":6.36},{"Precipitation":0.0,"YearDate":"2023-01-03","YearMonth":1,"Week of":3,"Year":2023,"City":"Sidney","Code":"SNY","Location":"Sidney, NE","State":"Nebraska","TemperatureAvg Temp":21,"TemperatureMax":33,"TemperatureMin":8,"WindDirection":28,"WindSpeed":10.86},{"Precipitation":0.0,"YearDate":"2023-01-03","YearMonth":1,"Week of":3,"Year":2023,"City":"Valentine","Code":"VTN","Location":"Valentine, NE","State":"Nebraska","TemperatureAvg Temp":20,"TemperatureMax":34,"TemperatureMin":7,"WindDirection":26,"WindSpeed":7.8},{"Precipitation":0.0,"YearDate":"2023-01-03","YearMonth":1,"Week of":3,"Year":2023,"City":"Ely","Code":"ELY","Location":"Ely, NV","State":"Nevada","TemperatureAvg Temp":7,"TemperatureMax":22,"TemperatureMin":-8,"WindDirection":26,"WindSpeed":3.46},{"Precipitation":0.0,"YearDate":"2023-01-03","YearMonth":1,"Week of":3,"Year":2023,"City":"Eureka","Code":"P68","Location":"Eureka, NV","State":"Nevada","TemperatureAvg Temp":12,"TemperatureMax":24,"TemperatureMin":-7,"WindDirection":12,"WindSpeed":3.4},{"Precipitation":0.0,"YearDate":"2023-01-03","YearMonth":1,"Week of":3,"Year":2023,"City":"Las Vegas","Code":"LAS","Location":"Las Vegas, NV","State":"Nevada","TemperatureAvg Temp":44,"TemperatureMax":52,"TemperatureMin":35,"WindDirection":24,"WindSpeed":1.03},{"Precipitation":0.0,"YearDate":"2023-01-03","YearMonth":1,"Week of":3,"Year":2023,"City":"Mercury","Code":"DRA","Location":"Mercury, NV","State":"Nevada","TemperatureAvg Temp":39,"TemperatureMax":47,"TemperatureMin":30,"WindDirection":9,"WindSpeed":7.96},{"Precipitation":0.0,"YearDate":"2023-01-03","YearMonth":1,"Week of":3,"Year":2023,"City":"Reno","Code":"RNO","Location":"Reno, NV","State":"Nevada","TemperatureAvg Temp":22,"TemperatureMax":29,"TemperatureMin":15,"WindDirection":18,"WindSpeed":2.96},{"Precipitation":0.0,"YearDate":"2023-01-03","YearMonth":1,"Week of":3,"Year":2023,"City":"Winnemucca","Code":"WMC","Location":"Winnemucca, NV","State":"Nevada","TemperatureAvg Temp":12,"TemperatureMax":25,"TemperatureMin":-1,"WindDirection":8,"WindSpeed":6.6},{"Precipitation":0.0,"YearDate":"2023-01-03","YearMonth":1,"Week of":3,"Year":2023,"City":"Concord","Code":"CON","Location":"Concord, NH","State":"New Hampshire","TemperatureAvg Temp":34,"TemperatureMax":39,"TemperatureMin":29,"WindDirection":24,"WindSpeed":6.16},{"Precipitation":0.0,"YearDate":"2023-01-03","YearMonth":1,"Week of":3,"Year":2023,"City":"Mt. Washington","Code":"MWN","Location":"Mt. Washington, NH","State":"New Hampshire","TemperatureAvg Temp":60,"TemperatureMax":60,"TemperatureMin":60,"WindDirection":27,"WindSpeed":52.6},{"Precipitation":0.0,"YearDate":"2023-01-03","YearMonth":1,"Week of":3,"Year":2023,"City":"Atlantic City","Code":"ACY","Location":"Atlantic City, NJ","State":"New Jersey","TemperatureAvg Temp":36,"TemperatureMax":46,"TemperatureMin":26,"WindDirection":28,"WindSpeed":6.26},{"Precipitation":0.0,"YearDate":"2023-01-03","YearMonth":1,"Week of":3,"Year":2023,"City":"Newark","Code":"EWR","Location":"Newark, NJ","State":"New Jersey","TemperatureAvg Temp":37,"TemperatureMax":44,"TemperatureMin":30,"WindDirection":25,"WindSpeed":10.1},{"Precipitation":0.0,"YearDate":"2023-01-03","YearMonth":1,"Week of":3,"Year":2023,"City":"Albuquerque","Code":"ABQ","Location":"Albuquerque, NM","State":"New Mexico","TemperatureAvg Temp":31,"TemperatureMax":38,"TemperatureMin":23,"WindDirection":27,"WindSpeed":4.63},{"Precipitation":0.0,"YearDate":"2023-01-03","YearMonth":1,"Week of":3,"Year":2023,"City":"Clayton","Code":"CAO","Location":"Clayton, NM","State":"New Mexico","TemperatureAvg Temp":31,"TemperatureMax":46,"TemperatureMin":15,"WindDirection":27,"WindSpeed":5.06},{"Precipitation":0.02,"YearDate":"2023-01-03","YearMonth":1,"Week of":3,"Year":2023,"City":"Roswell","Code":"ROW","Location":"Roswell, NM","State":"New Mexico","TemperatureAvg Temp":27,"TemperatureMax":36,"TemperatureMin":17,"WindDirection":17,"WindSpeed":1.8},{"Precipitation":0.01,"YearDate":"2023-01-03","YearMonth":1,"Week of":3,"Year":2023,"City":"Albany","Code":"ALB","Location":"Albany, NY","State":"New York","TemperatureAvg Temp":33,"TemperatureMax":38,"TemperatureMin":28,"WindDirection":25,"WindSpeed":6.23},{"Precipitation":0.01,"YearDate":"2023-01-03","YearMonth":1,"Week of":3,"Year":2023,"City":"Binghamton","Code":"BGM","Location":"Binghamton, NY","State":"New York","TemperatureAvg Temp":25,"TemperatureMax":30,"TemperatureMin":21,"WindDirection":26,"WindSpeed":8.86},{"Precipitation":0.13,"YearDate":"2023-01-03","YearMonth":1,"Week of":3,"Year":2023,"City":"Buffalo","Code":"BUF","Location":"Buffalo, NY","State":"New York","TemperatureAvg Temp":29,"TemperatureMax":34,"TemperatureMin":23,"WindDirection":26,"WindSpeed":13.73},{"Precipitation":0.01,"YearDate":"2023-01-03","YearMonth":1,"Week of":3,"Year":2023,"City":"Glens Falls","Code":"GFL","Location":"Glens Falls, NY","State":"New York","TemperatureAvg Temp":33,"TemperatureMax":37,"TemperatureMin":29,"WindDirection":21,"WindSpeed":7.3},{"Precipitation":0.0,"YearDate":"2023-01-03","YearMonth":1,"Week of":3,"Year":2023,"City":"Islip","Code":"ISP","Location":"Islip, NY","State":"New York","TemperatureAvg Temp":37,"TemperatureMax":44,"TemperatureMin":30,"WindDirection":27,"WindSpeed":8.63},{"Precipitation":0.0,"YearDate":"2023-01-03","YearMonth":1,"Week of":3,"Year":2023,"City":"New York","Code":"LGA","Location":"New York, NY","State":"New York","TemperatureAvg Temp":40,"TemperatureMax":43,"TemperatureMin":35,"WindDirection":27,"WindSpeed":11.7},{"Precipitation":0.05,"YearDate":"2023-01-03","YearMonth":1,"Week of":3,"Year":2023,"City":"Rochester","Code":"ROC","Location":"Rochester, NY","State":"New York","TemperatureAvg Temp":28,"TemperatureMax":34,"TemperatureMin":22,"WindDirection":26,"WindSpeed":11.23},{"Precipitation":0.19,"YearDate":"2023-01-03","YearMonth":1,"Week of":3,"Year":2023,"City":"Syracuse","Code":"SYR","Location":"Syracuse, NY","State":"New York","TemperatureAvg Temp":29,"TemperatureMax":34,"TemperatureMin":23,"WindDirection":24,"WindSpeed":11.5},{"Precipitation":0.0,"YearDate":"2023-01-03","YearMonth":1,"Week of":3,"Year":2023,"City":"Asheville","Code":"AVL","Location":"Asheville, NC","State":"North Carolina","TemperatureAvg Temp":39,"TemperatureMax":46,"TemperatureMin":30,"WindDirection":34,"WindSpeed":10.16},{"Precipitation":0.16,"YearDate":"2023-01-03","YearMonth":1,"Week of":3,"Year":2023,"City":"Cape Hatteras","Code":"HSE","Location":"Cape Hatteras, NC","State":"North Carolina","TemperatureAvg Temp":50,"TemperatureMax":56,"TemperatureMin":44,"WindDirection":21,"WindSpeed":4.43},{"Precipitation":0.0,"YearDate":"2023-01-03","YearMonth":1,"Week of":3,"Year":2023,"City":"Charlotte","Code":"CLT","Location":"Charlotte, NC","State":"North Carolina","TemperatureAvg Temp":43,"TemperatureMax":53,"TemperatureMin":33,"WindDirection":18,"WindSpeed":2.3},{"Precipitation":0.0,"YearDate":"2023-01-03","YearMonth":1,"Week of":3,"Year":2023,"City":"Greensboro","Code":"GSO","Location":"Greensboro, NC","State":"North Carolina","TemperatureAvg Temp":41,"TemperatureMax":51,"TemperatureMin":31,"WindDirection":30,"WindSpeed":4.2},{"Precipitation":0.0,"YearDate":"2023-01-03","YearMonth":1,"Week of":3,"Year":2023,"City":"Hickory","Code":"HKY","Location":"Hickory, NC","State":"North Carolina","TemperatureAvg Temp":43,"TemperatureMax":53,"TemperatureMin":32,"WindDirection":31,"WindSpeed":2.36},{"Precipitation":0.0,"YearDate":"2023-01-03","YearMonth":1,"Week of":3,"Year":2023,"City":"Raleigh/Durham","Code":"RDU","Location":"Raleigh/Durham, NC","State":"North Carolina","TemperatureAvg Temp":43,"TemperatureMax":52,"TemperatureMin":35,"WindDirection":27,"WindSpeed":1.86},{"Precipitation":0.63,"YearDate":"2023-01-03","YearMonth":1,"Week of":3,"Year":2023,"City":"Wilmington","Code":"ILM","Location":"Wilmington, NC","State":"North Carolina","TemperatureAvg Temp":48,"TemperatureMax":56,"TemperatureMin":40,"WindDirection":32,"WindSpeed":5.03},{"Precipitation":0.0,"YearDate":"2023-01-03","YearMonth":1,"Week of":3,"Year":2023,"City":"Bismarck","Code":"BIS","Location":"Bismarck, ND","State":"North Dakota","TemperatureAvg Temp":21,"TemperatureMax":30,"TemperatureMin":12,"WindDirection":25,"WindSpeed":7.9},{"Precipitation":0.0,"YearDate":"2023-01-03","YearMonth":1,"Week of":3,"Year":2023,"City":"Dickinson","Code":"DIK","Location":"Dickinson, ND","State":"North Dakota","TemperatureAvg Temp":20,"TemperatureMax":30,"TemperatureMin":9,"WindDirection":25,"WindSpeed":10.76},{"Precipitation":0.0,"YearDate":"2023-01-03","YearMonth":1,"Week of":3,"Year":2023,"City":"Fargo","Code":"FAR","Location":"Fargo, ND","State":"North Dakota","TemperatureAvg Temp":20,"TemperatureMax":28,"TemperatureMin":12,"WindDirection":27,"WindSpeed":7.8},{"Precipitation":0.0,"YearDate":"2023-01-03","YearMonth":1,"Week of":3,"Year":2023,"City":"Grand Forks","Code":"GFK","Location":"Grand Forks, ND","State":"North Dakota","TemperatureAvg Temp":19,"TemperatureMax":28,"TemperatureMin":10,"WindDirection":28,"WindSpeed":9.46},{"Precipitation":0.0,"YearDate":"2023-01-03","YearMonth":1,"Week of":3,"Year":2023,"City":"Williston","Code":"ISN","Location":"Williston, ND","State":"North Dakota","TemperatureAvg Temp":21,"TemperatureMax":26,"TemperatureMin":9,"WindDirection":24,"WindSpeed":8.1},{"Precipitation":0.05,"YearDate":"2023-01-03","YearMonth":1,"Week of":3,"Year":2023,"City":"Akron","Code":"CAK","Location":"Akron, OH","State":"Ohio","TemperatureAvg Temp":29,"TemperatureMax":32,"TemperatureMin":25,"WindDirection":26,"WindSpeed":11.4},{"Precipitation":0.02,"YearDate":"2023-01-03","YearMonth":1,"Week of":3,"Year":2023,"City":"Cleveland","Code":"CLE","Location":"Cleveland, OH","State":"Ohio","TemperatureAvg Temp":29,"TemperatureMax":32,"TemperatureMin":26,"WindDirection":25,"WindSpeed":12.43},{"Precipitation":0.0,"YearDate":"2023-01-03","YearMonth":1,"Week of":3,"Year":2023,"City":"Columbus","Code":"CMH","Location":"Columbus, OH","State":"Ohio","TemperatureAvg Temp":31,"TemperatureMax":35,"TemperatureMin":26,"WindDirection":26,"WindSpeed":8.53},{"Precipitation":0.0,"YearDate":"2023-01-03","YearMonth":1,"Week of":3,"Year":2023,"City":"Dayton","Code":"DAY","Location":"Dayton, OH","State":"Ohio","TemperatureAvg Temp":30,"TemperatureMax":35,"TemperatureMin":24,"WindDirection":26,"WindSpeed":11.93},{"Precipitation":0.0,"YearDate":"2023-01-03","YearMonth":1,"Week of":3,"Year":2023,"City":"Mansfield","Code":"MFD","Location":"Mansfield, OH","State":"Ohio","TemperatureAvg Temp":27,"TemperatureMax":31,"TemperatureMin":23,"WindDirection":24,"WindSpeed":11.46},{"Precipitation":0.0,"YearDate":"2023-01-03","YearMonth":1,"Week of":3,"Year":2023,"City":"Toledo","Code":"TOL","Location":"Toledo, OH","State":"Ohio","TemperatureAvg Temp":29,"TemperatureMax":31,"TemperatureMin":25,"WindDirection":26,"WindSpeed":12.7},{"Precipitation":0.03,"YearDate":"2023-01-03","YearMonth":1,"Week of":3,"Year":2023,"City":"Youngstown/Warren","Code":"YNG","Location":"Youngstown/Warren, OH","State":"Ohio","TemperatureAvg Temp":28,"TemperatureMax":32,"TemperatureMin":24,"WindDirection":25,"WindSpeed":11.23},{"Precipitation":0.0,"YearDate":"2023-01-03","YearMonth":1,"Week of":3,"Year":2023,"City":"Gage","Code":"GAG","Location":"Gage, OK","State":"Oklahoma","TemperatureAvg Temp":33,"TemperatureMax":47,"TemperatureMin":18,"WindDirection":28,"WindSpeed":5.46},{"Precipitation":0.0,"YearDate":"2023-01-03","YearMonth":1,"Week of":3,"Year":2023,"City":"Oklahoma City","Code":"OKC","Location":"Oklahoma City, OK","State":"Oklahoma","TemperatureAvg Temp":35,"TemperatureMax":46,"TemperatureMin":24,"WindDirection":30,"WindSpeed":7.16},{"Precipitation":0.0,"YearDate":"2023-01-03","YearMonth":1,"Week of":3,"Year":2023,"City":"Ponca City","Code":"PNC","Location":"Ponca City, OK","State":"Oklahoma","TemperatureAvg Temp":33,"TemperatureMax":47,"TemperatureMin":20,"WindDirection":28,"WindSpeed":3.96},{"Precipitation":0.0,"YearDate":"2023-01-03","YearMonth":1,"Week of":3,"Year":2023,"City":"Tulsa","Code":"TUL","Location":"Tulsa, OK","State":"Oklahoma","TemperatureAvg Temp":36,"TemperatureMax":48,"TemperatureMin":24,"WindDirection":29,"WindSpeed":5.1},{"Precipitation":0.21,"YearDate":"2023-01-03","YearMonth":1,"Week of":3,"Year":2023,"City":"Astoria","Code":"AST","Location":"Astoria, OR","State":"Oregon","TemperatureAvg Temp":36,"TemperatureMax":42,"TemperatureMin":30,"WindDirection":9,"WindSpeed":9.46},{"Precipitation":0.06,"YearDate":"2023-01-03","YearMonth":1,"Week of":3,"Year":2023,"City":"Burns","Code":"BNO","Location":"Burns, OR","State":"Oregon","TemperatureAvg Temp":7,"TemperatureMax":21,"TemperatureMin":-6,"WindDirection":11,"WindSpeed":3.5},{"Precipitation":0.06,"YearDate":"2023-01-03","YearMonth":1,"Week of":3,"Year":2023,"City":"Eugene","Code":"EUG","Location":"Eugene, OR","State":"Oregon","TemperatureAvg Temp":30,"TemperatureMax":36,"TemperatureMin":23,"WindDirection":1,"WindSpeed":7.86},{"Precipitation":0.01,"YearDate":"2023-01-03","YearMonth":1,"Week of":3,"Year":2023,"City":"Medford","Code":"MFR","Location":"Medford, OR","State":"Oregon","TemperatureAvg Temp":34,"TemperatureMax":43,"TemperatureMin":24,"WindDirection":9,"WindSpeed":3.4},{"Precipitation":0.01,"YearDate":"2023-01-03","YearMonth":1,"Week of":3,"Year":2023,"City":"Pendleton","Code":"PDT","Location":"Pendleton, OR","State":"Oregon","TemperatureAvg Temp":19,"TemperatureMax":20,"TemperatureMin":17,"WindDirection":12,"WindSpeed":4.0},{"Precipitation":0.31,"YearDate":"2023-01-03","YearMonth":1,"Week of":3,"Year":2023,"City":"Portland","Code":"PDX","Location":"Portland, OR","State":"Oregon","TemperatureAvg Temp":32,"TemperatureMax":35,"TemperatureMin":29,"WindDirection":9,"WindSpeed":19.93},{"Precipitation":0.0,"YearDate":"2023-01-03","YearMonth":1,"Week of":3,"Year":2023,"City":"Redmond","Code":"RDM","Location":"Redmond, OR","State":"Oregon","TemperatureAvg Temp":15,"TemperatureMax":24,"TemperatureMin":6,"WindDirection":32,"WindSpeed":2.8},{"Precipitation":0.29,"YearDate":"2023-01-03","YearMonth":1,"Week of":3,"Year":2023,"City":"Salem","Code":"SLE","Location":"Salem, OR","State":"Oregon","TemperatureAvg Temp":32,"TemperatureMax":38,"TemperatureMin":25,"WindDirection":34,"WindSpeed":7.13},{"Precipitation":0.0,"YearDate":"2023-01-03","YearMonth":1,"Week of":3,"Year":2023,"City":"Allentown","Code":"ABE","Location":"Allentown, PA","State":"Pennsylvania","TemperatureAvg Temp":34,"TemperatureMax":41,"TemperatureMin":25,"WindDirection":27,"WindSpeed":8.3},{"Precipitation":0.31,"YearDate":"2023-01-03","YearMonth":1,"Week of":3,"Year":2023,"City":"Erie","Code":"ERI","Location":"Erie, PA","State":"Pennsylvania","TemperatureAvg Temp":29,"TemperatureMax":33,"TemperatureMin":26,"WindDirection":24,"WindSpeed":13.96},{"Precipitation":0.0,"YearDate":"2023-01-03","YearMonth":1,"Week of":3,"Year":2023,"City":"Harrisburg","Code":"MDT","Location":"Harrisburg, PA","State":"Pennsylvania","TemperatureAvg Temp":36,"TemperatureMax":43,"TemperatureMin":29,"WindDirection":30,"WindSpeed":8.8},{"Precipitation":0.0,"YearDate":"2023-01-03","YearMonth":1,"Week of":3,"Year":2023,"City":"Philadelphia","Code":"PHL","Location":"Philadelphia, PA","State":"Pennsylvania","TemperatureAvg Temp":39,"TemperatureMax":45,"TemperatureMin":31,"WindDirection":27,"WindSpeed":8.3},{"Precipitation":0.01,"YearDate":"2023-01-03","YearMonth":1,"Week of":3,"Year":2023,"City":"Pittsburgh","Code":"PIT","Location":"Pittsburgh, PA","State":"Pennsylvania","TemperatureAvg Temp":31,"TemperatureMax":35,"TemperatureMin":27,"WindDirection":25,"WindSpeed":9.53},{"Precipitation":0.0,"YearDate":"2023-01-03","YearMonth":1,"Week of":3,"Year":2023,"City":"Wilkes-Barre/Scranton","Code":"AVP","Location":"Wilkes-Barre/Scranton, PA","State":"Pennsylvania","TemperatureAvg Temp":32,"TemperatureMax":35,"TemperatureMin":28,"WindDirection":25,"WindSpeed":9.13},{"Precipitation":0.01,"YearDate":"2023-01-03","YearMonth":1,"Week of":3,"Year":2023,"City":"Williamsport","Code":"IPT","Location":"Williamsport, PA","State":"Pennsylvania","TemperatureAvg Temp":31,"TemperatureMax":35,"TemperatureMin":25,"WindDirection":26,"WindSpeed":7.83},{"Precipitation":0.05,"YearDate":"2023-01-03","YearMonth":1,"Week of":3,"Year":2023,"City":"San Juan","Code":"SJU","Location":"San Juan, PR","State":"Puerto Rico","TemperatureAvg Temp":77,"TemperatureMax":83,"TemperatureMin":71,"WindDirection":10,"WindSpeed":5.9},{"Precipitation":0.0,"YearDate":"2023-01-03","YearMonth":1,"Week of":3,"Year":2023,"City":"Providence","Code":"PVD","Location":"Providence, RI","State":"Rhode Island","TemperatureAvg Temp":36,"TemperatureMax":43,"TemperatureMin":28,"WindDirection":26,"WindSpeed":7.36},{"Precipitation":0.0,"YearDate":"2023-01-03","YearMonth":1,"Week of":3,"Year":2023,"City":"Anderson","Code":"AND","Location":"Anderson, SC","State":"South Carolina","TemperatureAvg Temp":45,"TemperatureMax":54,"TemperatureMin":35,"WindDirection":30,"WindSpeed":1.13},{"Precipitation":0.55,"YearDate":"2023-01-03","YearMonth":1,"Week of":3,"Year":2023,"City":"Charleston","Code":"CHS","Location":"Charleston, SC","State":"South Carolina","TemperatureAvg Temp":53,"TemperatureMax":61,"TemperatureMin":45,"WindDirection":22,"WindSpeed":3.86},{"Precipitation":0.0,"YearDate":"2023-01-03","YearMonth":1,"Week of":3,"Year":2023,"City":"Columbia","Code":"CAE","Location":"Columbia, SC","State":"South Carolina","TemperatureAvg Temp":49,"TemperatureMax":57,"TemperatureMin":40,"WindDirection":21,"WindSpeed":2.3},{"Precipitation":0.0,"YearDate":"2023-01-03","YearMonth":1,"Week of":3,"Year":2023,"City":"Greer","Code":"GSP","Location":"Greer, SC","State":"South Carolina","TemperatureAvg Temp":45,"TemperatureMax":55,"TemperatureMin":35,"WindDirection":19,"WindSpeed":2.53},{"Precipitation":0.0,"YearDate":"2023-01-03","YearMonth":1,"Week of":3,"Year":2023,"City":"Aberdeen","Code":"ABR","Location":"Aberdeen, SD","State":"South Dakota","TemperatureAvg Temp":18,"TemperatureMax":29,"TemperatureMin":7,"WindDirection":26,"WindSpeed":6.16},{"Precipitation":0.0,"YearDate":"2023-01-03","YearMonth":1,"Week of":3,"Year":2023,"City":"Huron","Code":"HON","Location":"Huron, SD","State":"South Dakota","TemperatureAvg Temp":18,"TemperatureMax":26,"TemperatureMin":9,"WindDirection":29,"WindSpeed":8.4},{"Precipitation":0.0,"YearDate":"2023-01-03","YearMonth":1,"Week of":3,"Year":2023,"City":"Pierre","Code":"PIR","Location":"Pierre, SD","State":"South Dakota","TemperatureAvg Temp":22,"TemperatureMax":29,"TemperatureMin":15,"WindDirection":27,"WindSpeed":10.5},{"Precipitation":0.0,"YearDate":"2023-01-03","YearMonth":1,"Week of":3,"Year":2023,"City":"Rapid City","Code":"RAP","Location":"Rapid City, SD","State":"South Dakota","TemperatureAvg Temp":24,"TemperatureMax":37,"TemperatureMin":11,"WindDirection":26,"WindSpeed":3.26},{"Precipitation":0.0,"YearDate":"2023-01-03","YearMonth":1,"Week of":3,"Year":2023,"City":"Sioux Falls","Code":"FSD","Location":"Sioux Falls, SD","State":"South Dakota","TemperatureAvg Temp":18,"TemperatureMax":26,"TemperatureMin":9,"WindDirection":30,"WindSpeed":7.2},{"Precipitation":0.0,"YearDate":"2023-01-03","YearMonth":1,"Week of":3,"Year":2023,"City":"Bristol/Jhnsn Cty/Kngsprt","Code":"TRI","Location":"Bristol/Jhnsn Cty/Kngsprt, TN","State":"Tennessee","TemperatureAvg Temp":34,"TemperatureMax":44,"TemperatureMin":24,"WindDirection":23,"WindSpeed":3.93},{"Precipitation":0.0,"YearDate":"2023-01-03","YearMonth":1,"Week of":3,"Year":2023,"City":"Chattanooga","Code":"CHA","Location":"Chattanooga, TN","State":"Tennessee","TemperatureAvg Temp":40,"TemperatureMax":48,"TemperatureMin":31,"WindDirection":35,"WindSpeed":3.6},{"Precipitation":0.0,"YearDate":"2023-01-03","YearMonth":1,"Week of":3,"Year":2023,"City":"Clarksville","Code":"CKV","Location":"Clarksville, TN","State":"Tennessee","TemperatureAvg Temp":37,"TemperatureMax":47,"TemperatureMin":27,"WindDirection":28,"WindSpeed":5.66},{"Precipitation":0.0,"YearDate":"2023-01-03","YearMonth":1,"Week of":3,"Year":2023,"City":"Crossville","Code":"CSV","Location":"Crossville, TN","State":"Tennessee","TemperatureAvg Temp":34,"TemperatureMax":44,"TemperatureMin":24,"WindDirection":29,"WindSpeed":4.23},{"Precipitation":0.0,"YearDate":"2023-01-03","YearMonth":1,"Week of":3,"Year":2023,"City":"Knoxville","Code":"TYS","Location":"Knoxville, TN","State":"Tennessee","TemperatureAvg Temp":36,"TemperatureMax":45,"TemperatureMin":27,"WindDirection":26,"WindSpeed":2.5},{"Precipitation":0.0,"YearDate":"2023-01-03","YearMonth":1,"Week of":3,"Year":2023,"City":"Memphis","Code":"MEM","Location":"Memphis, TN","State":"Tennessee","TemperatureAvg Temp":40,"TemperatureMax":51,"TemperatureMin":29,"WindDirection":30,"WindSpeed":3.53},{"Precipitation":0.0,"YearDate":"2023-01-03","YearMonth":1,"Week of":3,"Year":2023,"City":"Nashville","Code":"BNA","Location":"Nashville, TN","State":"Tennessee","TemperatureAvg Temp":39,"TemperatureMax":50,"TemperatureMin":28,"WindDirection":29,"WindSpeed":3.73},{"Precipitation":0.0,"YearDate":"2023-01-03","YearMonth":1,"Week of":3,"Year":2023,"City":"Oak Ridge","Code":"OQT","Location":"Oak Ridge, TN","State":"Tennessee","TemperatureAvg Temp":37,"TemperatureMax":47,"TemperatureMin":27,"WindDirection":18,"WindSpeed":0.5},{"Precipitation":0.0,"YearDate":"2023-01-03","YearMonth":1,"Week of":3,"Year":2023,"City":"Abilene","Code":"ABI","Location":"Abilene, TX","State":"Texas","TemperatureAvg Temp":41,"TemperatureMax":47,"TemperatureMin":34,"WindDirection":20,"WindSpeed":5.76},{"Precipitation":0.0,"YearDate":"2023-01-03","YearMonth":1,"Week of":3,"Year":2023,"City":"Amarillo","Code":"AMA","Location":"Amarillo, TX","State":"Texas","TemperatureAvg Temp":34,"TemperatureMax":45,"TemperatureMin":22,"WindDirection":29,"WindSpeed":4.73},{"Precipitation":0.22,"YearDate":"2023-01-03","YearMonth":1,"Week of":3,"Year":2023,"City":"Austin/Bergstrom","Code":"AUS","Location":"Austin/Bergstrom, TX","State":"Texas","TemperatureAvg Temp":46,"TemperatureMax":53,"TemperatureMin":40,"WindDirection":22,"WindSpeed":8.0},{"Precipitation":0.2,"YearDate":"2023-01-03","YearMonth":1,"Week of":3,"Year":2023,"City":"Austin/City","Code":"ATT","Location":"Austin/City, TX","State":"Texas","TemperatureAvg Temp":47,"TemperatureMax":52,"TemperatureMin":42,"WindDirection":22,"WindSpeed":4.1},{"Precipitation":0.02,"YearDate":"2023-01-03","YearMonth":1,"Week of":3,"Year":2023,"City":"Beaumont/Port Arthur","Code":"BPT","Location":"Beaumont/Port Arthur, TX","State":"Texas","TemperatureAvg Temp":48,"TemperatureMax":53,"TemperatureMin":43,"WindDirection":11,"WindSpeed":9.56},{"Precipitation":1.54,"YearDate":"2023-01-03","YearMonth":1,"Week of":3,"Year":2023,"City":"Brownsville","Code":"BRO","Location":"Brownsville, TX","State":"Texas","TemperatureAvg Temp":47,"TemperatureMax":50,"TemperatureMin":42,"WindDirection":32,"WindSpeed":13.2},{"Precipitation":0.0,"YearDate":"2023-01-03","YearMonth":1,"Week of":3,"Year":2023,"City":"Childress","Code":"CDS","Location":"Childress, TX","State":"Texas","TemperatureAvg Temp":38,"TemperatureMax":47,"TemperatureMin":29,"WindDirection":30,"WindSpeed":4.63},{"Precipitation":0.01,"YearDate":"2023-01-03","YearMonth":1,"Week of":3,"Year":2023,"City":"College Station","Code":"CLL","Location":"College Station, TX","State":"Texas","TemperatureAvg Temp":48,"TemperatureMax":53,"TemperatureMin":43,"WindDirection":33,"WindSpeed":7.73},{"Precipitation":1.81,"YearDate":"2023-01-03","YearMonth":1,"Week of":3,"Year":2023,"City":"Corpus Christi","Code":"CRP","Location":"Corpus Christi, TX","State":"Texas","TemperatureAvg Temp":47,"TemperatureMax":51,"TemperatureMin":42,"WindDirection":35,"WindSpeed":13.03},{"Precipitation":0.0,"YearDate":"2023-01-03","YearMonth":1,"Week of":3,"Year":2023,"City":"Dalhart","Code":"DHT","Location":"Dalhart, TX","State":"Texas","TemperatureAvg Temp":35,"TemperatureMax":50,"TemperatureMin":19,"WindDirection":29,"WindSpeed":4.23},{"Precipitation":0.0,"YearDate":"2023-01-03","YearMonth":1,"Week of":3,"Year":2023,"City":"Dallas","Code":"DAL","Location":"Dallas, TX","State":"Texas","TemperatureAvg Temp":44,"TemperatureMax":51,"TemperatureMin":36,"WindDirection":33,"WindSpeed":4.9},{"Precipitation":0.0,"YearDate":"2023-01-03","YearMonth":1,"Week of":3,"Year":2023,"City":"Dallas-Fort Worth","Code":"DFW","Location":"Dallas-Fort Worth, TX","State":"Texas","TemperatureAvg Temp":46,"TemperatureMax":53,"TemperatureMin":38,"WindDirection":32,"WindSpeed":6.73},{"Precipitation":0.57,"YearDate":"2023-01-03","YearMonth":1,"Week of":3,"Year":2023,"City":"Del Rio","Code":"DRT","Location":"Del Rio, TX","State":"Texas","TemperatureAvg Temp":47,"TemperatureMax":51,"TemperatureMin":42,"WindDirection":22,"WindSpeed":3.16},{"Precipitation":0.0,"YearDate":"2023-01-03","YearMonth":1,"Week of":3,"Year":2023,"City":"El Paso","Code":"ELP","Location":"El Paso, TX","State":"Texas","TemperatureAvg Temp":37,"TemperatureMax":44,"TemperatureMin":31,"WindDirection":4,"WindSpeed":5.0},{"Precipitation":0.0,"YearDate":"2023-01-03","YearMonth":1,"Week of":3,"Year":2023,"City":"Fort Worth","Code":"FTW","Location":"Fort Worth, TX","State":"Texas","TemperatureAvg Temp":44,"TemperatureMax":52,"TemperatureMin":36,"WindDirection":31,"WindSpeed":5.93},{"Precipitation":0.23,"YearDate":"2023-01-03","YearMonth":1,"Week of":3,"Year":2023,"City":"Galveston","Code":"GLS","Location":"Galveston, TX","State":"Texas","TemperatureAvg Temp":49,"TemperatureMax":52,"TemperatureMin":44,"WindDirection":12,"WindSpeed":13.9},{"Precipitation":0.09,"YearDate":"2023-01-03","YearMonth":1,"Week of":3,"Year":2023,"City":"Houston","Code":"HOU","Location":"Houston, TX","State":"Texas","TemperatureAvg Temp":50,"TemperatureMax":54,"TemperatureMin":45,"WindDirection":11,"WindSpeed":9.56},{"Precipitation":0.0,"YearDate":"2023-01-03","YearMonth":1,"Week of":3,"Year":2023,"City":"Lubbock","Code":"LBB","Location":"Lubbock, TX","State":"Texas","TemperatureAvg Temp":34,"TemperatureMax":43,"TemperatureMin":25,"WindDirection":21,"WindSpeed":5.1},{"Precipitation":0.04,"YearDate":"2023-01-03","YearMonth":1,"Week of":3,"Year":2023,"City":"Midland","Code":"MAF","Location":"Midland, TX","State":"Texas","TemperatureAvg Temp":37,"TemperatureMax":43,"TemperatureMin":31,"WindDirection":21,"WindSpeed":6.4},{"Precipitation":0.0,"YearDate":"2023-01-03","YearMonth":1,"Week of":3,"Year":2023,"City":"San Angelo","Code":"SJT","Location":"San Angelo, TX","State":"Texas","TemperatureAvg Temp":42,"TemperatureMax":48,"TemperatureMin":35,"WindDirection":19,"WindSpeed":4.93},{"Precipitation":1.04,"YearDate":"2023-01-03","YearMonth":1,"Week of":3,"Year":2023,"City":"San Antonio","Code":"SAT","Location":"San Antonio, TX","State":"Texas","TemperatureAvg Temp":47,"TemperatureMax":52,"TemperatureMin":41,"WindDirection":22,"WindSpeed":6.2},{"Precipitation":1.29,"YearDate":"2023-01-03","YearMonth":1,"Week of":3,"Year":2023,"City":"Victoria","Code":"VCT","Location":"Victoria, TX","State":"Texas","TemperatureAvg Temp":47,"TemperatureMax":52,"TemperatureMin":42,"WindDirection":22,"WindSpeed":8.46},{"Precipitation":0.0,"YearDate":"2023-01-03","YearMonth":1,"Week of":3,"Year":2023,"City":"Waco","Code":"ACT","Location":"Waco, TX","State":"Texas","TemperatureAvg Temp":45,"TemperatureMax":51,"TemperatureMin":39,"WindDirection":33,"WindSpeed":6.26},{"Precipitation":0.0,"YearDate":"2023-01-03","YearMonth":1,"Week of":3,"Year":2023,"City":"Wichita Falls","Code":"SPS","Location":"Wichita Falls, TX","State":"Texas","TemperatureAvg Temp":40,"TemperatureMax":48,"TemperatureMin":31,"WindDirection":31,"WindSpeed":8.06},{"Precipitation":0.0,"YearDate":"2023-01-03","YearMonth":1,"Week of":3,"Year":2023,"City":"Salt Lake City","Code":"SLC","Location":"Salt Lake City, UT","State":"Utah","TemperatureAvg Temp":15,"TemperatureMax":24,"TemperatureMin":7,"WindDirection":32,"WindSpeed":1.6},{"Precipitation":0.0,"YearDate":"2023-01-03","YearMonth":1,"Week of":3,"Year":2023,"City":"Blacksburg","Code":"BCB","Location":"Blacksburg, VA","State":"VA","TemperatureAvg Temp":41,"TemperatureMax":49,"TemperatureMin":33,"WindDirection":28,"WindSpeed":9.33},{"Precipitation":0.03,"YearDate":"2023-01-03","YearMonth":1,"Week of":3,"Year":2023,"City":"Burlington","Code":"BTV","Location":"Burlington, VT","State":"Vermont","TemperatureAvg Temp":31,"TemperatureMax":35,"TemperatureMin":26,"WindDirection":23,"WindSpeed":6.5},{"Precipitation":0.0,"YearDate":"2023-01-03","YearMonth":1,"Week of":3,"Year":2023,"City":"Lynchburg","Code":"LYH","Location":"Lynchburg, VA","State":"Virginia","TemperatureAvg Temp":39,"TemperatureMax":49,"TemperatureMin":29,"WindDirection":25,"WindSpeed":3.6},{"Precipitation":0.0,"YearDate":"2023-01-03","YearMonth":1,"Week of":3,"Year":2023,"City":"Norfolk","Code":"ORF","Location":"Norfolk, VA","State":"Virginia","TemperatureAvg Temp":45,"TemperatureMax":51,"TemperatureMin":39,"WindDirection":16,"WindSpeed":4.7},{"Precipitation":0.0,"YearDate":"2023-01-03","YearMonth":1,"Week of":3,"Year":2023,"City":"Richmond","Code":"RIC","Location":"Richmond, VA","State":"Virginia","TemperatureAvg Temp":41,"TemperatureMax":51,"TemperatureMin":30,"WindDirection":27,"WindSpeed":3.6},{"Precipitation":0.0,"YearDate":"2023-01-03","YearMonth":1,"Week of":3,"Year":2023,"City":"Roanoke","Code":"ROA","Location":"Roanoke, VA","State":"Virginia","TemperatureAvg Temp":41,"TemperatureMax":49,"TemperatureMin":33,"WindDirection":28,"WindSpeed":9.33},{"Precipitation":0.0,"YearDate":"2023-01-03","YearMonth":1,"Week of":3,"Year":2023,"City":"Wallops Island","Code":"WAL","Location":"Wallops Island, VA","State":"Virginia","TemperatureAvg Temp":41,"TemperatureMax":49,"TemperatureMin":33,"WindDirection":28,"WindSpeed":4.26},{"Precipitation":0.0,"YearDate":"2023-01-03","YearMonth":1,"Week of":3,"Year":2023,"City":"Washington","Code":"DCA","Location":"Washington, VA","State":"Virginia","TemperatureAvg Temp":41,"TemperatureMax":49,"TemperatureMin":33,"WindDirection":29,"WindSpeed":4.83},{"Precipitation":0.07,"YearDate":"2023-01-03","YearMonth":1,"Week of":3,"Year":2023,"City":"Deer Park","Code":"DEW","Location":"Deer Park, WA","State":"Washington","TemperatureAvg Temp":10,"TemperatureMax":22,"TemperatureMin":-2,"WindDirection":24,"WindSpeed":6.2},{"Precipitation":0.07,"YearDate":"2023-01-03","YearMonth":1,"Week of":3,"Year":2023,"City":"Ephrata","Code":"EPH","Location":"Ephrata, WA","State":"Washington","TemperatureAvg Temp":12,"TemperatureMax":20,"TemperatureMin":3,"WindDirection":34,"WindSpeed":7.2},{"Precipitation":0.02,"YearDate":"2023-01-03","YearMonth":1,"Week of":3,"Year":2023,"City":"Olympia","Code":"OLM","Location":"Olympia, WA","State":"Washington","TemperatureAvg Temp":26,"TemperatureMax":37,"TemperatureMin":14,"WindDirection":11,"WindSpeed":0.5},{"Precipitation":0.0,"YearDate":"2023-01-03","YearMonth":1,"Week of":3,"Year":2023,"City":"Quillayute","Code":"UIL","Location":"Quillayute, WA","State":"Washington","TemperatureAvg Temp":34,"TemperatureMax":46,"TemperatureMin":22,"WindDirection":6,"WindSpeed":2.53},{"Precipitation":0.02,"YearDate":"2023-01-03","YearMonth":1,"Week of":3,"Year":2023,"City":"Seattle","Code":"SEA","Location":"Seattle, WA","State":"Washington","TemperatureAvg Temp":35,"TemperatureMax":42,"TemperatureMin":28,"WindDirection":6,"WindSpeed":4.96},{"Precipitation":0.09,"YearDate":"2023-01-03","YearMonth":1,"Week of":3,"Year":2023,"City":"Spokane","Code":"GEG","Location":"Spokane, WA","State":"Washington","TemperatureAvg Temp":12,"TemperatureMax":20,"TemperatureMin":3,"WindDirection":2,"WindSpeed":5.2},{"Precipitation":0.26,"YearDate":"2023-01-03","YearMonth":1,"Week of":3,"Year":2023,"City":"Yakima","Code":"YKM","Location":"Yakima, WA","State":"Washington","TemperatureAvg Temp":16,"TemperatureMax":24,"TemperatureMin":8,"WindDirection":30,"WindSpeed":3.2},{"Precipitation":0.0,"YearDate":"2023-01-03","YearMonth":1,"Week of":3,"Year":2023,"City":"Beckley","Code":"BKW","Location":"Beckley, WV","State":"West Virginia","TemperatureAvg Temp":33,"TemperatureMax":40,"TemperatureMin":26,"WindDirection":27,"WindSpeed":7.6},{"Precipitation":0.0,"YearDate":"2023-01-03","YearMonth":1,"Week of":3,"Year":2023,"City":"Charleston","Code":"CRW","Location":"Charleston, WV","State":"West Virginia","TemperatureAvg Temp":37,"TemperatureMax":43,"TemperatureMin":31,"WindDirection":24,"WindSpeed":7.23},{"Precipitation":0.0,"YearDate":"2023-01-03","YearMonth":1,"Week of":3,"Year":2023,"City":"Elkins","Code":"EKN","Location":"Elkins, WV","State":"West Virginia","TemperatureAvg Temp":32,"TemperatureMax":38,"TemperatureMin":27,"WindDirection":24,"WindSpeed":5.26},{"Precipitation":0.0,"YearDate":"2023-01-03","YearMonth":1,"Week of":3,"Year":2023,"City":"Huntington","Code":"HTS","Location":"Huntington, WV","State":"West Virginia","TemperatureAvg Temp":36,"TemperatureMax":43,"TemperatureMin":28,"WindDirection":24,"WindSpeed":6.23},{"Precipitation":0.0,"YearDate":"2023-01-03","YearMonth":1,"Week of":3,"Year":2023,"City":"Green Bay","Code":"GRB","Location":"Green Bay, WI","State":"Wisconsin","TemperatureAvg Temp":23,"TemperatureMax":28,"TemperatureMin":17,"WindDirection":27,"WindSpeed":9.4},{"Precipitation":0.0,"YearDate":"2023-01-03","YearMonth":1,"Week of":3,"Year":2023,"City":"La Crosse","Code":"LSE","Location":"La Crosse, WI","State":"Wisconsin","TemperatureAvg Temp":25,"TemperatureMax":32,"TemperatureMin":17,"WindDirection":27,"WindSpeed":8.16},{"Precipitation":0.0,"YearDate":"2023-01-03","YearMonth":1,"Week of":3,"Year":2023,"City":"Madison","Code":"MSN","Location":"Madison, WI","State":"Wisconsin","TemperatureAvg Temp":24,"TemperatureMax":29,"TemperatureMin":18,"WindDirection":28,"WindSpeed":5.6},{"Precipitation":0.0,"YearDate":"2023-01-03","YearMonth":1,"Week of":3,"Year":2023,"City":"Milwaukee","Code":"MKE","Location":"Milwaukee, WI","State":"Wisconsin","TemperatureAvg Temp":26,"TemperatureMax":30,"TemperatureMin":21,"WindDirection":28,"WindSpeed":10.96},{"Precipitation":0.0,"YearDate":"2023-01-03","YearMonth":1,"Week of":3,"Year":2023,"City":"Casper","Code":"CPR","Location":"Casper, WY","State":"Wyoming","TemperatureAvg Temp":21,"TemperatureMax":28,"TemperatureMin":13,"WindDirection":22,"WindSpeed":16.13},{"Precipitation":0.0,"YearDate":"2023-01-03","YearMonth":1,"Week of":3,"Year":2023,"City":"Cheyenne","Code":"CYS","Location":"Cheyenne, WY","State":"Wyoming","TemperatureAvg Temp":23,"TemperatureMax":38,"TemperatureMin":7,"WindDirection":27,"WindSpeed":8.33},{"Precipitation":0.0,"YearDate":"2023-01-03","YearMonth":1,"Week of":3,"Year":2023,"City":"Lander","Code":"LND","Location":"Lander, WY","State":"Wyoming","TemperatureAvg Temp":11,"TemperatureMax":21,"TemperatureMin":0,"WindDirection":27,"WindSpeed":0.43},{"Precipitation":0.0,"YearDate":"2023-01-03","YearMonth":1,"Week of":3,"Year":2023,"City":"Rawlins","Code":"RWL","Location":"Rawlins, WY","State":"Wyoming","TemperatureAvg Temp":3,"TemperatureMax":19,"TemperatureMin":-13,"WindDirection":16,"WindSpeed":1.9},{"Precipitation":0.0,"YearDate":"2023-01-03","YearMonth":1,"Week of":3,"Year":2023,"City":"Sheridan","Code":"SHR","Location":"Sheridan, WY","State":"Wyoming","TemperatureAvg Temp":22,"TemperatureMax":36,"TemperatureMin":7,"WindDirection":21,"WindSpeed":0.8},{"Precipitation":0.52,"YearDate":"2023-01-10","YearMonth":1,"Week of":10,"Year":2023,"City":"Birmingham","Code":"BHM","Location":"Birmingham, AL","State":"Alabama","TemperatureAvg Temp":44,"TemperatureMax":52,"TemperatureMin":36,"WindDirection":12,"WindSpeed":6.55},{"Precipitation":0.43,"YearDate":"2023-01-10","YearMonth":1,"Week of":10,"Year":2023,"City":"Huntsville","Code":"HSV","Location":"Huntsville, AL","State":"Alabama","TemperatureAvg Temp":43,"TemperatureMax":50,"TemperatureMin":34,"WindDirection":13,"WindSpeed":8.34},{"Precipitation":0.13,"YearDate":"2023-01-10","YearMonth":1,"Week of":10,"Year":2023,"City":"Mobile","Code":"MOB","Location":"Mobile, AL","State":"Alabama","TemperatureAvg Temp":49,"TemperatureMax":57,"TemperatureMin":39,"WindDirection":14,"WindSpeed":6.58},{"Precipitation":0.11,"YearDate":"2023-01-10","YearMonth":1,"Week of":10,"Year":2023,"City":"Montgomery","Code":"MGM","Location":"Montgomery, AL","State":"Alabama","TemperatureAvg Temp":47,"TemperatureMax":55,"TemperatureMin":38,"WindDirection":15,"WindSpeed":7.55},{"Precipitation":0.0,"YearDate":"2023-01-10","YearMonth":1,"Week of":10,"Year":2023,"City":"Anchorage","Code":"ANC","Location":"Anchorage, AK","State":"Alaska","TemperatureAvg Temp":28,"TemperatureMax":33,"TemperatureMin":22,"WindDirection":12,"WindSpeed":4.02},{"Precipitation":0.48,"YearDate":"2023-01-10","YearMonth":1,"Week of":10,"Year":2023,"City":"Annette","Code":"ANN","Location":"Annette, AK","State":"Alaska","TemperatureAvg Temp":36,"TemperatureMax":43,"TemperatureMin":27,"WindDirection":24,"WindSpeed":5.42},{"Precipitation":0.03,"YearDate":"2023-01-10","YearMonth":1,"Week of":10,"Year":2023,"City":"Bethel","Code":"BET","Location":"Bethel, AK","State":"Alaska","TemperatureAvg Temp":28,"TemperatureMax":35,"TemperatureMin":21,"WindDirection":7,"WindSpeed":18.0},{"Precipitation":0.0,"YearDate":"2023-01-10","YearMonth":1,"Week of":10,"Year":2023,"City":"Bettles","Code":"BTT","Location":"Bettles, AK","State":"Alaska","TemperatureAvg Temp":6,"TemperatureMax":19,"TemperatureMin":-2,"WindDirection":29,"WindSpeed":3.98},{"Precipitation":2.35,"YearDate":"2023-01-10","YearMonth":1,"Week of":10,"Year":2023,"City":"Cold Bay","Code":"CDB","Location":"Cold Bay, AK","State":"Alaska","TemperatureAvg Temp":32,"TemperatureMax":35,"TemperatureMin":29,"WindDirection":22,"WindSpeed":14.3},{"Precipitation":0.81,"YearDate":"2023-01-10","YearMonth":1,"Week of":10,"Year":2023,"City":"Cordova","Code":"CDV","Location":"Cordova, AK","State":"Alaska","TemperatureAvg Temp":35,"TemperatureMax":42,"TemperatureMin":29,"WindDirection":12,"WindSpeed":5.88},{"Precipitation":0.0,"YearDate":"2023-01-10","YearMonth":1,"Week of":10,"Year":2023,"City":"Delta Junction/Ft Greely","Code":"BIG","Location":"Delta Junction/Ft Greely, AK","State":"Alaska","TemperatureAvg Temp":13,"TemperatureMax":17,"TemperatureMin":9,"WindDirection":11,"WindSpeed":18.5},{"Precipitation":0.0,"YearDate":"2023-01-10","YearMonth":1,"Week of":10,"Year":2023,"City":"Fairbanks","Code":"FAI","Location":"Fairbanks, AK","State":"Alaska","TemperatureAvg Temp":2,"TemperatureMax":12,"TemperatureMin":-7,"WindDirection":7,"WindSpeed":1.58},{"Precipitation":0.0,"YearDate":"2023-01-10","YearMonth":1,"Week of":10,"Year":2023,"City":"Gulkana","Code":"GKN","Location":"Gulkana, AK","State":"Alaska","TemperatureAvg Temp":0,"TemperatureMax":7,"TemperatureMin":-6,"WindDirection":33,"WindSpeed":1.35},{"Precipitation":1.75,"YearDate":"2023-01-10","YearMonth":1,"Week of":10,"Year":2023,"City":"Homer","Code":"HOM","Location":"Homer, AK","State":"Alaska","TemperatureAvg Temp":37,"TemperatureMax":42,"TemperatureMin":31,"WindDirection":7,"WindSpeed":9.45},{"Precipitation":0.0,"YearDate":"2023-01-10","YearMonth":1,"Week of":10,"Year":2023,"City":"Iliamna","Code":"ILI","Location":"Iliamna, AK","State":"Alaska","TemperatureAvg Temp":37,"TemperatureMax":41,"TemperatureMin":33,"WindDirection":11,"WindSpeed":14.15},{"Precipitation":0.33,"YearDate":"2023-01-10","YearMonth":1,"Week of":10,"Year":2023,"City":"Juneau","Code":"JNU","Location":"Juneau, AK","State":"Alaska","TemperatureAvg Temp":27,"TemperatureMax":31,"TemperatureMin":22,"WindDirection":13,"WindSpeed":1.81},{"Precipitation":0.03,"YearDate":"2023-01-10","YearMonth":1,"Week of":10,"Year":2023,"City":"Kenai","Code":"ENA","Location":"Kenai, AK","State":"Alaska","TemperatureAvg Temp":30,"TemperatureMax":35,"TemperatureMin":25,"WindDirection":3,"WindSpeed":13.51},{"Precipitation":1.33,"YearDate":"2023-01-10","YearMonth":1,"Week of":10,"Year":2023,"City":"Ketchikan","Code":"KTN","Location":"Ketchikan, AK","State":"Alaska","TemperatureAvg Temp":34,"TemperatureMax":39,"TemperatureMin":28,"WindDirection":23,"WindSpeed":5.17},{"Precipitation":0.04,"YearDate":"2023-01-10","YearMonth":1,"Week of":10,"Year":2023,"City":"King Salmon","Code":"AKN","Location":"King Salmon, AK","State":"Alaska","TemperatureAvg Temp":35,"TemperatureMax":41,"TemperatureMin":29,"WindDirection":8,"WindSpeed":14.55},{"Precipitation":2.66,"YearDate":"2023-01-10","YearMonth":1,"Week of":10,"Year":2023,"City":"Kodiak","Code":"ADQ","Location":"Kodiak, AK","State":"Alaska","TemperatureAvg Temp":37,"TemperatureMax":41,"TemperatureMin":33,"WindDirection":11,"WindSpeed":16.28},{"Precipitation":0.03,"YearDate":"2023-01-10","YearMonth":1,"Week of":10,"Year":2023,"City":"Kotzebue","Code":"OTZ","Location":"Kotzebue, AK","State":"Alaska","TemperatureAvg Temp":23,"TemperatureMax":27,"TemperatureMin":18,"WindDirection":10,"WindSpeed":18.08},{"Precipitation":0.0,"YearDate":"2023-01-10","YearMonth":1,"Week of":10,"Year":2023,"City":"Mc Grath","Code":"MCG","Location":"Mc Grath, AK","State":"Alaska","TemperatureAvg Temp":14,"TemperatureMax":24,"TemperatureMin":4,"WindDirection":21,"WindSpeed":1.72},{"Precipitation":0.09,"YearDate":"2023-01-10","YearMonth":1,"Week of":10,"Year":2023,"City":"Nome","Code":"OME","Location":"Nome, AK","State":"Alaska","TemperatureAvg Temp":29,"TemperatureMax":32,"TemperatureMin":24,"WindDirection":7,"WindSpeed":16.57},{"Precipitation":0.0,"YearDate":"2023-01-10","YearMonth":1,"Week of":10,"Year":2023,"City":"Northway","Code":"ORT","Location":"Northway, AK","State":"Alaska","TemperatureAvg Temp":-13,"TemperatureMax":-8,"TemperatureMin":-19,"WindDirection":18,"WindSpeed":0.32},{"Precipitation":0.0,"YearDate":"2023-01-10","YearMonth":1,"Week of":10,"Year":2023,"City":"Palmer","Code":"PAQ","Location":"Palmer, AK","State":"Alaska","TemperatureAvg Temp":27,"TemperatureMax":36,"TemperatureMin":21,"WindDirection":21,"WindSpeed":8.87},{"Precipitation":0.0,"YearDate":"2023-01-10","YearMonth":1,"Week of":10,"Year":2023,"City":"Petersburg","Code":"PSG","Location":"Petersburg, AK","State":"Alaska","TemperatureAvg Temp":60,"TemperatureMax":60,"TemperatureMin":60,"WindDirection":20,"WindSpeed":2.34},{"Precipitation":0.0,"YearDate":"2023-01-10","YearMonth":1,"Week of":10,"Year":2023,"City":"Puntilla Lake","Code":"PTI","Location":"Puntilla Lake, AK","State":"Alaska","TemperatureAvg Temp":60,"TemperatureMax":60,"TemperatureMin":60,"WindDirection":0,"WindSpeed":0.0},{"Precipitation":0.0,"YearDate":"2023-01-10","YearMonth":1,"Week of":10,"Year":2023,"City":"Shemya","Code":"SYA","Location":"Shemya, AK","State":"Alaska","TemperatureAvg Temp":60,"TemperatureMax":60,"TemperatureMin":60,"WindDirection":32,"WindSpeed":14.0},{"Precipitation":0.13,"YearDate":"2023-01-10","YearMonth":1,"Week of":10,"Year":2023,"City":"Sitka","Code":"SIT","Location":"Sitka, AK","State":"Alaska","TemperatureAvg Temp":39,"TemperatureMax":43,"TemperatureMin":33,"WindDirection":16,"WindSpeed":6.31},{"Precipitation":0.12,"YearDate":"2023-01-10","YearMonth":1,"Week of":10,"Year":2023,"City":"Skagway","Code":"SGY","Location":"Skagway, AK","State":"Alaska","TemperatureAvg Temp":33,"TemperatureMax":36,"TemperatureMin":29,"WindDirection":9,"WindSpeed":18.64},{"Precipitation":0.77,"YearDate":"2023-01-10","YearMonth":1,"Week of":10,"Year":2023,"City":"St Paul Island","Code":"SNP","Location":"St Paul Island, AK","State":"Alaska","TemperatureAvg Temp":32,"TemperatureMax":36,"TemperatureMin":29,"WindDirection":23,"WindSpeed":18.52},{"Precipitation":0.0,"YearDate":"2023-01-10","YearMonth":1,"Week of":10,"Year":2023,"City":"Talkeetna","Code":"TKA","Location":"Talkeetna, AK","State":"Alaska","TemperatureAvg Temp":24,"TemperatureMax":32,"TemperatureMin":16,"WindDirection":6,"WindSpeed":5.15},{"Precipitation":0.0,"YearDate":"2023-01-10","YearMonth":1,"Week of":10,"Year":2023,"City":"Tanana","Code":"TAL","Location":"Tanana, AK","State":"Alaska","TemperatureAvg Temp":9,"TemperatureMax":16,"TemperatureMin":1,"WindDirection":9,"WindSpeed":4.65},{"Precipitation":0.05,"YearDate":"2023-01-10","YearMonth":1,"Week of":10,"Year":2023,"City":"Utqiagvik (Barrow)","Code":"BRW","Location":"Utqiagvik (Barrow), AK","State":"Alaska","TemperatureAvg Temp":8,"TemperatureMax":16,"TemperatureMin":0,"WindDirection":10,"WindSpeed":12.25},{"Precipitation":1.26,"YearDate":"2023-01-10","YearMonth":1,"Week of":10,"Year":2023,"City":"Yakutat","Code":"YAK","Location":"Yakutat, AK","State":"Alaska","TemperatureAvg Temp":33,"TemperatureMax":39,"TemperatureMin":25,"WindDirection":7,"WindSpeed":2.42},{"Precipitation":1.16,"YearDate":"2023-01-10","YearMonth":1,"Week of":10,"Year":2023,"City":"Douglas Bisbee","Code":"DUG","Location":"Douglas Bisbee, AZ","State":"Arizona","TemperatureAvg Temp":41,"TemperatureMax":52,"TemperatureMin":30,"WindDirection":25,"WindSpeed":4.5},{"Precipitation":0.61,"YearDate":"2023-01-10","YearMonth":1,"Week of":10,"Year":2023,"City":"Kingman","Code":"IGM","Location":"Kingman, AZ","State":"Arizona","TemperatureAvg Temp":42,"TemperatureMax":49,"TemperatureMin":34,"WindDirection":18,"WindSpeed":5.17}]